time,left_x,left_y,left_z,right_x,right_y,right_z
0.000,0.18000,0.00000,0.72000,-0.18000,0.00000,0.72000
0.020,0.18088,0.00000,0.72102,-0.18088,0.00000,0.72102
0.040,0.18176,0.00000,0.72204,-0.18176,0.00000,0.72204
0.060,0.18264,0.00000,0.72306,-0.18264,0.00000,0.72306
0.080,0.18352,0.00000,0.72408,-0.18352,0.00000,0.72408
0.100,0.18440,0.00000,0.72509,-0.18440,0.00000,0.72509
0.120,0.18528,0.00000,0.72611,-0.18528,0.00000,0.72611
0.140,0.18615,0.00000,0.72712,-0.18615,0.00000,0.72712
0.160,0.18703,0.00000,0.72813,-0.18703,0.00000,0.72813
0.180,0.18791,0.00000,0.72914,-0.18791,0.00000,0.72914
0.200,0.18878,0.00000,0.73015,-0.18878,0.00000,0.73015
0.220,0.18966,0.00000,0.73115,-0.18966,0.00000,0.73115
0.240,0.19053,0.00000,0.73216,-0.19053,0.00000,0.73216
0.260,0.19140,0.00000,0.73315,-0.19140,0.00000,0.73315
0.280,0.19227,0.00000,0.73415,-0.19227,0.00000,0.73415
0.300,0.19314,0.00000,0.73513,-0.19314,0.00000,0.73513
0.320,0.19401,0.00000,0.73612,-0.19401,0.00000,0.73612
0.340,0.19487,0.00000,0.73710,-0.19487,0.00000,0.73710
0.360,0.19574,0.00000,0.73807,-0.19574,0.00000,0.73807
0.380,0.19660,0.00000,0.73904,-0.19660,0.00000,0.73904
0.400,0.19746,0.00000,0.74001,-0.19746,0.00000,0.74001
0.420,0.19832,0.00000,0.74097,-0.19832,0.00000,0.74097
0.440,0.19917,0.00000,0.74192,-0.19917,0.00000,0.74192
0.460,0.20002,0.00000,0.74287,-0.20002,0.00000,0.74287
0.480,0.20088,0.00000,0.74381,-0.20088,0.00000,0.74381
0.500,0.20172,0.00000,0.74474,-0.20172,0.00000,0.74474
0.520,0.20257,0.00000,0.74566,-0.20257,0.00000,0.74566
0.540,0.20341,0.00000,0.74658,-0.20341,0.00000,0.74658
0.560,0.20425,0.00000,0.74749,-0.20425,0.00000,0.74749
0.580,0.20509,0.00000,0.74840,-0.20509,0.00000,0.74840
0.600,0.20592,0.00000,0.74929,-0.20592,0.00000,0.74929
0.620,0.20675,0.00000,0.75018,-0.20675,0.00000,0.75018
0.640,0.20758,0.00000,0.75105,-0.20758,0.00000,0.75105
0.660,0.20841,0.00000,0.75192,-0.20841,0.00000,0.75192
0.680,0.20923,0.00000,0.75278,-0.20923,0.00000,0.75278
0.700,0.21004,0.00000,0.75363,-0.21004,0.00000,0.75363
0.720,0.21086,0.00000,0.75447,-0.21086,0.00000,0.75447
0.740,0.21167,0.00000,0.75530,-0.21167,0.00000,0.75530
0.760,0.21247,0.00000,0.75612,-0.21247,0.00000,0.75612
0.780,0.21328,0.00000,0.75693,-0.21328,0.00000,0.75693
0.800,0.21408,0.00000,0.75773,-0.21408,0.00000,0.75773
0.820,0.21487,0.00000,0.75852,-0.21487,0.00000,0.75852
0.840,0.21566,0.00000,0.75929,-0.21566,0.00000,0.75929
0.860,0.21644,0.00000,0.76006,-0.21644,0.00000,0.76006
0.880,0.21723,0.00000,0.76081,-0.21723,0.00000,0.76081
0.900,0.21800,0.00000,0.76155,-0.21800,0.00000,0.76155
0.920,0.21877,0.00000,0.76228,-0.21877,0.00000,0.76228
0.940,0.21954,0.00000,0.76300,-0.21954,0.00000,0.76300
0.960,0.22030,0.00000,0.76370,-0.22030,0.00000,0.76370
0.980,0.22106,0.00000,0.76440,-0.22106,0.00000,0.76440
1.000,0.22181,0.00000,0.76508,-0.22181,0.00000,0.76508
1.020,0.22256,0.00000,0.76574,-0.22256,0.00000,0.76574
1.040,0.22331,0.00000,0.76640,-0.22331,0.00000,0.76640
1.060,0.22404,0.00000,0.76704,-0.22404,0.00000,0.76704
1.080,0.22477,0.00000,0.76766,-0.22477,0.00000,0.76766
1.100,0.22550,0.00000,0.76828,-0.22550,0.00000,0.76828
1.120,0.22622,0.00000,0.76887,-0.22622,0.00000,0.76887
1.140,0.22694,0.00000,0.76946,-0.22694,0.00000,0.76946
1.160,0.22765,0.00000,0.77003,-0.22765,0.00000,0.77003
1.180,0.22835,0.00000,0.77059,-0.22835,0.00000,0.77059
1.200,0.22905,0.00000,0.77113,-0.22905,0.00000,0.77113
1.220,0.22974,0.00000,0.77165,-0.22974,0.00000,0.77165
1.240,0.23043,0.00000,0.77216,-0.23043,0.00000,0.77216
1.260,0.23111,0.00000,0.77266,-0.23111,0.00000,0.77266
1.280,0.23178,0.00000,0.77314,-0.23178,0.00000,0.77314
1.300,0.23245,0.00000,0.77361,-0.23245,0.00000,0.77361
1.320,0.23311,0.00000,0.77406,-0.23311,0.00000,0.77406
1.340,0.23377,0.00000,0.77449,-0.23377,0.00000,0.77449
1.360,0.23441,0.00000,0.77491,-0.23441,0.00000,0.77491
1.380,0.23506,0.00000,0.77532,-0.23506,0.00000,0.77532
1.400,0.23569,0.00000,0.77570,-0.23569,0.00000,0.77570
1.420,0.23632,0.00000,0.77607,-0.23632,0.00000,0.77607
1.440,0.23694,0.00000,0.77643,-0.23694,0.00000,0.77643
1.460,0.23756,0.00000,0.77677,-0.23756,0.00000,0.77677
1.480,0.23816,0.00000,0.77709,-0.23816,0.00000,0.77709
1.500,0.23876,0.00000,0.77739,-0.23876,0.00000,0.77739
1.520,0.23936,0.00000,0.77768,-0.23936,0.00000,0.77768
1.540,0.23994,0.00000,0.77796,-0.23994,0.00000,0.77796
1.560,0.24052,0.00000,0.77821,-0.24052,0.00000,0.77821
1.580,0.24109,0.00000,0.77845,-0.24109,0.00000,0.77845
1.600,0.24166,0.00000,0.77867,-0.24166,0.00000,0.77867
1.620,0.24222,0.00000,0.77888,-0.24222,0.00000,0.77888
1.640,0.24277,0.00000,0.77906,-0.24277,0.00000,0.77906
1.660,0.24331,0.00000,0.77924,-0.24331,0.00000,0.77924
1.680,0.24384,0.00000,0.77939,-0.24384,0.00000,0.77939
1.700,0.24437,0.00000,0.77953,-0.24437,0.00000,0.77953
1.720,0.24489,0.00000,0.77965,-0.24489,0.00000,0.77965
1.740,0.24540,0.00000,0.77975,-0.24540,0.00000,0.77975
1.760,0.24590,0.00000,0.77983,-0.24590,0.00000,0.77983
1.780,0.24640,0.00000,0.77990,-0.24640,0.00000,0.77990
1.800,0.24688,0.00000,0.77995,-0.24688,0.00000,0.77995
1.820,0.24736,0.00000,0.77998,-0.24736,0.00000,0.77998
1.840,0.24783,0.00000,0.78000,-0.24783,0.00000,0.78000
1.860,0.24829,0.00000,0.78000,-0.24829,0.00000,0.78000
1.880,0.24875,0.00000,0.77998,-0.24875,0.00000,0.77998
1.900,0.24919,0.00000,0.77994,-0.24919,0.00000,0.77994
1.920,0.24963,0.00000,0.77989,-0.24963,0.00000,0.77989
1.940,0.25006,0.00000,0.77982,-0.25006,0.00000,0.77982
1.960,0.25048,0.00000,0.77973,-0.25048,0.00000,0.77973
1.980,0.25089,0.00000,0.77962,-0.25089,0.00000,0.77962
2.000,0.25130,0.00000,0.77950,-0.25130,0.00000,0.77950
2.020,0.25169,0.00000,0.77936,-0.25169,0.00000,0.77936
2.040,0.25208,0.00000,0.77920,-0.25208,0.00000,0.77920
2.060,0.25246,0.00000,0.77903,-0.25246,0.00000,0.77903
2.080,0.25282,0.00000,0.77884,-0.25282,0.00000,0.77884
2.100,0.25318,0.00000,0.77863,-0.25318,0.00000,0.77863
2.120,0.25353,0.00000,0.77840,-0.25353,0.00000,0.77840
2.140,0.25388,0.00000,0.77816,-0.25388,0.00000,0.77816
2.160,0.25421,0.00000,0.77790,-0.25421,0.00000,0.77790
2.180,0.25453,0.00000,0.77763,-0.25453,0.00000,0.77763
2.200,0.25485,0.00000,0.77733,-0.25485,0.00000,0.77733
2.220,0.25516,0.00000,0.77703,-0.25516,0.00000,0.77703
2.240,0.25545,0.00000,0.77670,-0.25545,0.00000,0.77670
2.260,0.25574,0.00000,0.77636,-0.25574,0.00000,0.77636
2.280,0.25602,0.00000,0.77600,-0.25602,0.00000,0.77600
2.300,0.25629,0.00000,0.77563,-0.25629,0.00000,0.77563
2.320,0.25655,0.00000,0.77524,-0.25655,0.00000,0.77524
2.340,0.25680,0.00000,0.77483,-0.25680,0.00000,0.77483
2.360,0.25704,0.00000,0.77441,-0.25704,0.00000,0.77441
2.380,0.25727,0.00000,0.77397,-0.25727,0.00000,0.77397
2.400,0.25750,0.00000,0.77352,-0.25750,0.00000,0.77352
2.420,0.25771,0.00000,0.77305,-0.25771,0.00000,0.77305
2.440,0.25792,0.00000,0.77256,-0.25792,0.00000,0.77256
2.460,0.25811,0.00000,0.77206,-0.25811,0.00000,0.77206
2.480,0.25830,0.00000,0.77155,-0.25830,0.00000,0.77155
2.500,0.25847,0.00000,0.77102,-0.25847,0.00000,0.77102
2.520,0.25864,0.00000,0.77048,-0.25864,0.00000,0.77048
2.540,0.25879,0.00000,0.76992,-0.25879,0.00000,0.76992
2.560,0.25894,0.00000,0.76934,-0.25894,0.00000,0.76934
2.580,0.25908,0.00000,0.76876,-0.25908,0.00000,0.76876
2.600,0.25921,0.00000,0.76815,-0.25921,0.00000,0.76815
2.620,0.25933,0.00000,0.76754,-0.25933,0.00000,0.76754
2.640,0.25944,0.00000,0.76691,-0.25944,0.00000,0.76691
2.660,0.25954,0.00000,0.76627,-0.25954,0.00000,0.76627
2.680,0.25963,0.00000,0.76561,-0.25963,0.00000,0.76561
2.700,0.25971,0.00000,0.76494,-0.25971,0.00000,0.76494
2.720,0.25978,0.00000,0.76426,-0.25978,0.00000,0.76426
2.740,0.25984,0.00000,0.76356,-0.25984,0.00000,0.76356
2.760,0.25989,0.00000,0.76286,-0.25989,0.00000,0.76286
2.780,0.25993,0.00000,0.76214,-0.25993,0.00000,0.76214
2.800,0.25996,0.00000,0.76140,-0.25996,0.00000,0.76140
2.820,0.25998,0.00000,0.76066,-0.25998,0.00000,0.76066
2.840,0.26000,0.00000,0.75990,-0.26000,0.00000,0.75990
2.860,0.26000,0.00000,0.75914,-0.26000,0.00000,0.75914
2.880,0.25999,0.00000,0.75836,-0.25999,0.00000,0.75836
2.900,0.25998,0.00000,0.75757,-0.25998,0.00000,0.75757
2.920,0.25995,0.00000,0.75677,-0.25995,0.00000,0.75677
2.940,0.25991,0.00000,0.75596,-0.25991,0.00000,0.75596
2.960,0.25987,0.00000,0.75513,-0.25987,0.00000,0.75513
2.980,0.25981,0.00000,0.75430,-0.25981,0.00000,0.75430
3.000,0.25975,0.00000,0.75346,-0.25975,0.00000,0.75346
3.020,0.25967,0.00000,0.75261,-0.25967,0.00000,0.75261
3.040,0.25959,0.00000,0.75175,-0.25959,0.00000,0.75175
3.060,0.25950,0.00000,0.75088,-0.25950,0.00000,0.75088
3.080,0.25939,0.00000,0.75000,-0.25939,0.00000,0.75000
3.100,0.25928,0.00000,0.74911,-0.25928,0.00000,0.74911
3.120,0.25916,0.00000,0.74822,-0.25916,0.00000,0.74822
3.140,0.25903,0.00000,0.74731,-0.25903,0.00000,0.74731
3.160,0.25888,0.00000,0.74640,-0.25888,0.00000,0.74640
3.180,0.25873,0.00000,0.74548,-0.25873,0.00000,0.74548
3.200,0.25857,0.00000,0.74455,-0.25857,0.00000,0.74455
3.220,0.25840,0.00000,0.74362,-0.25840,0.00000,0.74362
3.240,0.25822,0.00000,0.74268,-0.25822,0.00000,0.74268
3.260,0.25803,0.00000,0.74173,-0.25803,0.00000,0.74173
3.280,0.25783,0.00000,0.74078,-0.25783,0.00000,0.74078
3.300,0.25763,0.00000,0.73982,-0.25763,0.00000,0.73982
3.320,0.25741,0.00000,0.73885,-0.25741,0.00000,0.73885
3.340,0.25718,0.00000,0.73788,-0.25718,0.00000,0.73788
3.360,0.25695,0.00000,0.73690,-0.25695,0.00000,0.73690
3.380,0.25670,0.00000,0.73592,-0.25670,0.00000,0.73592
3.400,0.25645,0.00000,0.73494,-0.25645,0.00000,0.73494
3.420,0.25618,0.00000,0.73395,-0.25618,0.00000,0.73395
3.440,0.25591,0.00000,0.73295,-0.25591,0.00000,0.73295
3.460,0.25563,0.00000,0.73196,-0.25563,0.00000,0.73196
3.480,0.25533,0.00000,0.73095,-0.25533,0.00000,0.73095
3.500,0.25503,0.00000,0.72995,-0.25503,0.00000,0.72995
3.520,0.25472,0.00000,0.72894,-0.25472,0.00000,0.72894
3.540,0.25441,0.00000,0.72793,-0.25441,0.00000,0.72793
3.560,0.25408,0.00000,0.72692,-0.25408,0.00000,0.72692
3.580,0.25374,0.00000,0.72591,-0.25374,0.00000,0.72591
3.600,0.25340,0.00000,0.72489,-0.25340,0.00000,0.72489
3.620,0.25304,0.00000,0.72387,-0.25304,0.00000,0.72387
3.640,0.25268,0.00000,0.72285,-0.25268,0.00000,0.72285
3.660,0.25230,0.00000,0.72184,-0.25230,0.00000,0.72184
3.680,0.25192,0.00000,0.72082,-0.25192,0.00000,0.72082
3.700,0.25153,0.00000,0.71980,-0.25153,0.00000,0.71980
3.720,0.25114,0.00000,0.71878,-0.25114,0.00000,0.71878
3.740,0.25073,0.00000,0.71776,-0.25073,0.00000,0.71776
3.760,0.25031,0.00000,0.71674,-0.25031,0.00000,0.71674
3.780,0.24989,0.00000,0.71572,-0.24989,0.00000,0.71572
3.800,0.24946,0.00000,0.71470,-0.24946,0.00000,0.71470
3.820,0.24902,0.00000,0.71369,-0.24902,0.00000,0.71369
3.840,0.24857,0.00000,0.71267,-0.24857,0.00000,0.71267
3.860,0.24811,0.00000,0.71166,-0.24811,0.00000,0.71166
3.880,0.24764,0.00000,0.71065,-0.24764,0.00000,0.71065
3.900,0.24717,0.00000,0.70965,-0.24717,0.00000,0.70965
3.920,0.24669,0.00000,0.70864,-0.24669,0.00000,0.70864
3.940,0.24620,0.00000,0.70764,-0.24620,0.00000,0.70764
3.960,0.24570,0.00000,0.70665,-0.24570,0.00000,0.70665
3.980,0.24519,0.00000,0.70566,-0.24519,0.00000,0.70566
4.000,0.24468,0.00000,0.70467,-0.24468,0.00000,0.70467
4.020,0.24416,0.00000,0.70368,-0.24416,0.00000,0.70368
4.040,0.24363,0.00000,0.70270,-0.24363,0.00000,0.70270
4.060,0.24309,0.00000,0.70173,-0.24309,0.00000,0.70173
4.080,0.24255,0.00000,0.70076,-0.24255,0.00000,0.70076
4.100,0.24199,0.00000,0.69980,-0.24199,0.00000,0.69980
4.120,0.24143,0.00000,0.69884,-0.24143,0.00000,0.69884
4.140,0.24087,0.00000,0.69789,-0.24087,0.00000,0.69789
4.160,0.24029,0.00000,0.69694,-0.24029,0.00000,0.69694
4.180,0.23971,0.00000,0.69601,-0.23971,0.00000,0.69601
4.200,0.23912,0.00000,0.69507,-0.23912,0.00000,0.69507
4.220,0.23852,0.00000,0.69415,-0.23852,0.00000,0.69415
4.240,0.23792,0.00000,0.69323,-0.23792,0.00000,0.69323
4.260,0.23731,0.00000,0.69232,-0.23731,0.00000,0.69232
4.280,0.23669,0.00000,0.69142,-0.23669,0.00000,0.69142
4.300,0.23607,0.00000,0.69053,-0.23607,0.00000,0.69053
4.320,0.23544,0.00000,0.68965,-0.23544,0.00000,0.68965
4.340,0.23480,0.00000,0.68877,-0.23480,0.00000,0.68877
4.360,0.23415,0.00000,0.68791,-0.23415,0.00000,0.68791
4.380,0.23350,0.00000,0.68705,-0.23350,0.00000,0.68705
4.400,0.23285,0.00000,0.68620,-0.23285,0.00000,0.68620
4.420,0.23218,0.00000,0.68536,-0.23218,0.00000,0.68536
4.440,0.23151,0.00000,0.68453,-0.23151,0.00000,0.68453
4.460,0.23084,0.00000,0.68372,-0.23084,0.00000,0.68372
4.480,0.23015,0.00000,0.68291,-0.23015,0.00000,0.68291
4.500,0.22946,0.00000,0.68211,-0.22946,0.00000,0.68211
4.520,0.22877,0.00000,0.68133,-0.22877,0.00000,0.68133
4.540,0.22807,0.00000,0.68055,-0.22807,0.00000,0.68055
4.560,0.22736,0.00000,0.67979,-0.22736,0.00000,0.67979
4.580,0.22665,0.00000,0.67904,-0.22665,0.00000,0.67904
4.600,0.22593,0.00000,0.67830,-0.22593,0.00000,0.67830
4.620,0.22521,0.00000,0.67757,-0.22521,0.00000,0.67757
4.640,0.22448,0.00000,0.67686,-0.22448,0.00000,0.67686
4.660,0.22375,0.00000,0.67616,-0.22375,0.00000,0.67616
4.680,0.22301,0.00000,0.67547,-0.22301,0.00000,0.67547
4.700,0.22226,0.00000,0.67479,-0.22226,0.00000,0.67479
4.720,0.22151,0.00000,0.67412,-0.22151,0.00000,0.67412
4.740,0.22076,0.00000,0.67347,-0.22076,0.00000,0.67347
4.760,0.22000,0.00000,0.67284,-0.22000,0.00000,0.67284
4.780,0.21924,0.00000,0.67221,-0.21924,0.00000,0.67221
4.800,0.21847,0.00000,0.67160,-0.21847,0.00000,0.67160
4.820,0.21769,0.00000,0.67101,-0.21769,0.00000,0.67101
4.840,0.21691,0.00000,0.67043,-0.21691,0.00000,0.67043
4.860,0.21613,0.00000,0.66986,-0.21613,0.00000,0.66986
4.880,0.21534,0.00000,0.66931,-0.21534,0.00000,0.66931
4.900,0.21455,0.00000,0.66877,-0.21455,0.00000,0.66877
4.920,0.21376,0.00000,0.66824,-0.21376,0.00000,0.66824
4.940,0.21296,0.00000,0.66773,-0.21296,0.00000,0.66773
4.960,0.21215,0.00000,0.66724,-0.21215,0.00000,0.66724
4.980,0.21134,0.00000,0.66676,-0.21134,0.00000,0.66676
5.000,0.21053,0.00000,0.66630,-0.21053,0.00000,0.66630
5.020,0.20972,0.00000,0.66585,-0.20972,0.00000,0.66585
5.040,0.20890,0.00000,0.66542,-0.20890,0.00000,0.66542
5.060,0.20808,0.00000,0.66501,-0.20808,0.00000,0.66501
5.080,0.20725,0.00000,0.66461,-0.20725,0.00000,0.66461
5.100,0.20642,0.00000,0.66422,-0.20642,0.00000,0.66422
5.120,0.20559,0.00000,0.66385,-0.20559,0.00000,0.66385
5.140,0.20475,0.00000,0.66350,-0.20475,0.00000,0.66350
5.160,0.20392,0.00000,0.66317,-0.20392,0.00000,0.66317
5.180,0.20307,0.00000,0.66285,-0.20307,0.00000,0.66285
5.200,0.20223,0.00000,0.66255,-0.20223,0.00000,0.66255
5.220,0.20138,0.00000,0.66226,-0.20138,0.00000,0.66226
5.240,0.20053,0.00000,0.66199,-0.20053,0.00000,0.66199
5.260,0.19968,0.00000,0.66174,-0.19968,0.00000,0.66174
5.280,0.19883,0.00000,0.66150,-0.19883,0.00000,0.66150
5.300,0.19797,0.00000,0.66129,-0.19797,0.00000,0.66129
5.320,0.19711,0.00000,0.66108,-0.19711,0.00000,0.66108
5.340,0.19625,0.00000,0.66090,-0.19625,0.00000,0.66090
5.360,0.19539,0.00000,0.66073,-0.19539,0.00000,0.66073
5.380,0.19453,0.00000,0.66058,-0.19453,0.00000,0.66058
5.400,0.19366,0.00000,0.66045,-0.19366,0.00000,0.66045
5.420,0.19279,0.00000,0.66033,-0.19279,0.00000,0.66033
5.440,0.19192,0.00000,0.66023,-0.19192,0.00000,0.66023
5.460,0.19105,0.00000,0.66015,-0.19105,0.00000,0.66015
5.480,0.19018,0.00000,0.66009,-0.19018,0.00000,0.66009
5.500,0.18931,0.00000,0.66004,-0.18931,0.00000,0.66004
5.520,0.18843,0.00000,0.66001,-0.18843,0.00000,0.66001
5.540,0.18756,0.00000,0.66000,-0.18756,0.00000,0.66000
5.560,0.18668,0.00000,0.66001,-0.18668,0.00000,0.66001
5.580,0.18580,0.00000,0.66003,-0.18580,0.00000,0.66003
5.600,0.18492,0.00000,0.66007,-0.18492,0.00000,0.66007
5.620,0.18405,0.00000,0.66013,-0.18405,0.00000,0.66013
5.640,0.18317,0.00000,0.66020,-0.18317,0.00000,0.66020
5.660,0.18229,0.00000,0.66029,-0.18229,0.00000,0.66029
5.680,0.18141,0.00000,0.66040,-0.18141,0.00000,0.66040
5.700,0.18053,0.00000,0.66053,-0.18053,0.00000,0.66053
5.720,0.17965,0.00000,0.66067,-0.17965,0.00000,0.66067
5.740,0.17877,0.00000,0.66083,-0.17877,0.00000,0.66083
5.760,0.17789,0.00000,0.66101,-0.17789,0.00000,0.66101
5.780,0.17701,0.00000,0.66120,-0.17701,0.00000,0.66120
5.800,0.17613,0.00000,0.66142,-0.17613,0.00000,0.66142
5.820,0.17525,0.00000,0.66164,-0.17525,0.00000,0.66164
5.840,0.17437,0.00000,0.66189,-0.17437,0.00000,0.66189
5.860,0.17349,0.00000,0.66215,-0.17349,0.00000,0.66215
5.880,0.17262,0.00000,0.66243,-0.17262,0.00000,0.66243
5.900,0.17174,0.00000,0.66273,-0.17174,0.00000,0.66273
5.920,0.17087,0.00000,0.66304,-0.17087,0.00000,0.66304
5.940,0.16999,0.00000,0.66337,-0.16999,0.00000,0.66337
5.960,0.16912,0.00000,0.66371,-0.16912,0.00000,0.66371
5.980,0.16825,0.00000,0.66407,-0.16825,0.00000,0.66407
6.000,0.16738,0.00000,0.66445,-0.16738,0.00000,0.66445
6.020,0.16651,0.00000,0.66484,-0.16651,0.00000,0.66484
6.040,0.16565,0.00000,0.66525,-0.16565,0.00000,0.66525
6.060,0.16478,0.00000,0.66568,-0.16478,0.00000,0.66568
6.080,0.16392,0.00000,0.66612,-0.16392,0.00000,0.66612
6.100,0.16306,0.00000,0.66658,-0.16306,0.00000,0.66658
6.120,0.16220,0.00000,0.66705,-0.16220,0.00000,0.66705
6.140,0.16134,0.00000,0.66754,-0.16134,0.00000,0.66754
6.160,0.16049,0.00000,0.66804,-0.16049,0.00000,0.66804
6.180,0.15963,0.00000,0.66856,-0.15963,0.00000,0.66856
6.200,0.15878,0.00000,0.66909,-0.15878,0.00000,0.66909
6.220,0.15794,0.00000,0.66964,-0.15794,0.00000,0.66964
6.240,0.15709,0.00000,0.67020,-0.15709,0.00000,0.67020
6.260,0.15625,0.00000,0.67077,-0.15625,0.00000,0.67077
6.280,0.15541,0.00000,0.67136,-0.15541,0.00000,0.67136
6.300,0.15458,0.00000,0.67197,-0.15458,0.00000,0.67197
6.320,0.15374,0.00000,0.67259,-0.15374,0.00000,0.67259
6.340,0.15291,0.00000,0.67322,-0.15291,0.00000,0.67322
6.360,0.15209,0.00000,0.67386,-0.15209,0.00000,0.67386
6.380,0.15126,0.00000,0.67452,-0.15126,0.00000,0.67452
6.400,0.15044,0.00000,0.67519,-0.15044,0.00000,0.67519
6.420,0.14963,0.00000,0.67588,-0.14963,0.00000,0.67588
6.440,0.14882,0.00000,0.67658,-0.14882,0.00000,0.67658
6.460,0.14801,0.00000,0.67729,-0.14801,0.00000,0.67729
6.480,0.14720,0.00000,0.67801,-0.14720,0.00000,0.67801
6.500,0.14640,0.00000,0.67874,-0.14640,0.00000,0.67874
6.520,0.14561,0.00000,0.67949,-0.14561,0.00000,0.67949
6.540,0.14481,0.00000,0.68025,-0.14481,0.00000,0.68025
6.560,0.14403,0.00000,0.68102,-0.14403,0.00000,0.68102
6.580,0.14324,0.00000,0.68180,-0.14324,0.00000,0.68180
6.600,0.14246,0.00000,0.68259,-0.14246,0.00000,0.68259
6.620,0.14169,0.00000,0.68339,-0.14169,0.00000,0.68339
6.640,0.14092,0.00000,0.68421,-0.14092,0.00000,0.68421
6.660,0.14015,0.00000,0.68503,-0.14015,0.00000,0.68503
6.680,0.13939,0.00000,0.68587,-0.13939,0.00000,0.68587
6.700,0.13864,0.00000,0.68671,-0.13864,0.00000,0.68671
6.720,0.13788,0.00000,0.68756,-0.13788,0.00000,0.68756
6.740,0.13714,0.00000,0.68842,-0.13714,0.00000,0.68842
6.760,0.13640,0.00000,0.68930,-0.13640,0.00000,0.68930
6.780,0.13566,0.00000,0.69018,-0.13566,0.00000,0.69018
6.800,0.13493,0.00000,0.69107,-0.13493,0.00000,0.69107
6.820,0.13421,0.00000,0.69196,-0.13421,0.00000,0.69196
6.840,0.13349,0.00000,0.69287,-0.13349,0.00000,0.69287
6.860,0.13278,0.00000,0.69378,-0.13278,0.00000,0.69378
6.880,0.13207,0.00000,0.69471,-0.13207,0.00000,0.69471
6.900,0.13137,0.00000,0.69563,-0.13137,0.00000,0.69563
6.920,0.13067,0.00000,0.69657,-0.13067,0.00000,0.69657
6.940,0.12998,0.00000,0.69751,-0.12998,0.00000,0.69751
6.960,0.12930,0.00000,0.69846,-0.12930,0.00000,0.69846
6.980,0.12862,0.00000,0.69942,-0.12862,0.00000,0.69942
7.000,0.12795,0.00000,0.70038,-0.12795,0.00000,0.70038
7.020,0.12728,0.00000,0.70134,-0.12728,0.00000,0.70134
7.040,0.12663,0.00000,0.70232,-0.12663,0.00000,0.70232
7.060,0.12597,0.00000,0.70329,-0.12597,0.00000,0.70329
7.080,0.12533,0.00000,0.70427,-0.12533,0.00000,0.70427
7.100,0.12469,0.00000,0.70526,-0.12469,0.00000,0.70526
7.120,0.12406,0.00000,0.70625,-0.12406,0.00000,0.70625
7.140,0.12343,0.00000,0.70725,-0.12343,0.00000,0.70725
7.160,0.12281,0.00000,0.70825,-0.12281,0.00000,0.70825
7.180,0.12220,0.00000,0.70925,-0.12220,0.00000,0.70925
7.200,0.12160,0.00000,0.71025,-0.12160,0.00000,0.71025
7.220,0.12100,0.00000,0.71126,-0.12100,0.00000,0.71126
7.240,0.12041,0.00000,0.71227,-0.12041,0.00000,0.71227
7.260,0.11982,0.00000,0.71328,-0.11982,0.00000,0.71328
7.280,0.11925,0.00000,0.71430,-0.11925,0.00000,0.71430
7.300,0.11868,0.00000,0.71531,-0.11868,0.00000,0.71531
7.320,0.11812,0.00000,0.71633,-0.11812,0.00000,0.71633
7.340,0.11756,0.00000,0.71735,-0.11756,0.00000,0.71735
7.360,0.11702,0.00000,0.71837,-0.11702,0.00000,0.71837
7.380,0.11648,0.00000,0.71939,-0.11648,0.00000,0.71939
7.400,0.11595,0.00000,0.72041,-0.11595,0.00000,0.72041
7.420,0.11542,0.00000,0.72143,-0.11542,0.00000,0.72143
7.440,0.11491,0.00000,0.72245,-0.11491,0.00000,0.72245
7.460,0.11440,0.00000,0.72347,-0.11440,0.00000,0.72347
7.480,0.11390,0.00000,0.72448,-0.11390,0.00000,0.72448
7.500,0.11341,0.00000,0.72550,-0.11341,0.00000,0.72550
7.520,0.11293,0.00000,0.72652,-0.11293,0.00000,0.72652
7.540,0.11245,0.00000,0.72753,-0.11245,0.00000,0.72753
7.560,0.11198,0.00000,0.72854,-0.11198,0.00000,0.72854
7.580,0.11152,0.00000,0.72955,-0.11152,0.00000,0.72955
7.600,0.11107,0.00000,0.73055,-0.11107,0.00000,0.73055
7.620,0.11063,0.00000,0.73156,-0.11063,0.00000,0.73156
7.640,0.11020,0.00000,0.73256,-0.11020,0.00000,0.73256
7.660,0.10977,0.00000,0.73355,-0.10977,0.00000,0.73355
7.680,0.10935,0.00000,0.73454,-0.10935,0.00000,0.73454
7.700,0.10894,0.00000,0.73553,-0.10894,0.00000,0.73553
7.720,0.10854,0.00000,0.73651,-0.10854,0.00000,0.73651
7.740,0.10815,0.00000,0.73749,-0.10815,0.00000,0.73749
7.760,0.10777,0.00000,0.73846,-0.10777,0.00000,0.73846
7.780,0.10740,0.00000,0.73943,-0.10740,0.00000,0.73943
7.800,0.10703,0.00000,0.74039,-0.10703,0.00000,0.74039
7.820,0.10667,0.00000,0.74135,-0.10667,0.00000,0.74135
7.840,0.10633,0.00000,0.74230,-0.10633,0.00000,0.74230
7.860,0.10599,0.00000,0.74324,-0.10599,0.00000,0.74324
7.880,0.10566,0.00000,0.74418,-0.10566,0.00000,0.74418
7.900,0.10534,0.00000,0.74511,-0.10534,0.00000,0.74511
7.920,0.10503,0.00000,0.74603,-0.10503,0.00000,0.74603
7.940,0.10472,0.00000,0.74695,-0.10472,0.00000,0.74695
7.960,0.10443,0.00000,0.74786,-0.10443,0.00000,0.74786
7.980,0.10415,0.00000,0.74876,-0.10415,0.00000,0.74876
8.000,0.10387,0.00000,0.74965,-0.10387,0.00000,0.74965
8.020,0.10361,0.00000,0.75053,-0.10361,0.00000,0.75053
8.040,0.10335,0.00000,0.75140,-0.10335,0.00000,0.75140
8.060,0.10310,0.00000,0.75227,-0.10310,0.00000,0.75227
8.080,0.10286,0.00000,0.75312,-0.10286,0.00000,0.75312
8.100,0.10264,0.00000,0.75397,-0.10264,0.00000,0.75397
8.120,0.10242,0.00000,0.75480,-0.10242,0.00000,0.75480
8.140,0.10221,0.00000,0.75563,-0.10221,0.00000,0.75563
8.160,0.10201,0.00000,0.75645,-0.10201,0.00000,0.75645
8.180,0.10181,0.00000,0.75725,-0.10181,0.00000,0.75725
8.200,0.10163,0.00000,0.75804,-0.10163,0.00000,0.75804
8.220,0.10146,0.00000,0.75883,-0.10146,0.00000,0.75883
8.240,0.10130,0.00000,0.75960,-0.10130,0.00000,0.75960
8.260,0.10114,0.00000,0.76036,-0.10114,0.00000,0.76036
8.280,0.10100,0.00000,0.76111,-0.10100,0.00000,0.76111
8.300,0.10087,0.00000,0.76185,-0.10087,0.00000,0.76185
8.320,0.10074,0.00000,0.76257,-0.10074,0.00000,0.76257
8.340,0.10063,0.00000,0.76328,-0.10063,0.00000,0.76328
8.360,0.10052,0.00000,0.76398,-0.10052,0.00000,0.76398
8.380,0.10043,0.00000,0.76467,-0.10043,0.00000,0.76467
8.400,0.10034,0.00000,0.76535,-0.10034,0.00000,0.76535
8.420,0.10026,0.00000,0.76601,-0.10026,0.00000,0.76601
8.440,0.10020,0.00000,0.76666,-0.10020,0.00000,0.76666
8.460,0.10014,0.00000,0.76729,-0.10014,0.00000,0.76729
8.480,0.10009,0.00000,0.76791,-0.10009,0.00000,0.76791
8.500,0.10006,0.00000,0.76852,-0.10006,0.00000,0.76852
8.520,0.10003,0.00000,0.76911,-0.10003,0.00000,0.76911
8.540,0.10001,0.00000,0.76969,-0.10001,0.00000,0.76969
8.560,0.10000,0.00000,0.77025,-0.10000,0.00000,0.77025
8.580,0.10000,0.00000,0.77080,-0.10000,0.00000,0.77080
8.600,0.10001,0.00000,0.77134,-0.10001,0.00000,0.77134
8.620,0.10003,0.00000,0.77186,-0.10003,0.00000,0.77186
8.640,0.10006,0.00000,0.77237,-0.10006,0.00000,0.77237
8.660,0.10010,0.00000,0.77286,-0.10010,0.00000,0.77286
8.680,0.10015,0.00000,0.77333,-0.10015,0.00000,0.77333
8.700,0.10021,0.00000,0.77379,-0.10021,0.00000,0.77379
8.720,0.10028,0.00000,0.77423,-0.10028,0.00000,0.77423
8.740,0.10036,0.00000,0.77466,-0.10036,0.00000,0.77466
8.760,0.10045,0.00000,0.77508,-0.10045,0.00000,0.77508
8.780,0.10054,0.00000,0.77547,-0.10054,0.00000,0.77547
8.800,0.10065,0.00000,0.77585,-0.10065,0.00000,0.77585
8.820,0.10077,0.00000,0.77622,-0.10077,0.00000,0.77622
8.840,0.10089,0.00000,0.77657,-0.10089,0.00000,0.77657
8.860,0.10103,0.00000,0.77690,-0.10103,0.00000,0.77690
8.880,0.10118,0.00000,0.77721,-0.10118,0.00000,0.77721
8.900,0.10133,0.00000,0.77751,-0.10133,0.00000,0.77751
8.920,0.10149,0.00000,0.77779,-0.10149,0.00000,0.77779
8.940,0.10167,0.00000,0.77806,-0.10167,0.00000,0.77806
8.960,0.10185,0.00000,0.77831,-0.10185,0.00000,0.77831
8.980,0.10205,0.00000,0.77854,-0.10205,0.00000,0.77854
9.000,0.10225,0.00000,0.77876,-0.10225,0.00000,0.77876
9.020,0.10246,0.00000,0.77895,-0.10246,0.00000,0.77895
9.040,0.10268,0.00000,0.77914,-0.10268,0.00000,0.77914
9.060,0.10291,0.00000,0.77930,-0.10291,0.00000,0.77930
9.080,0.10315,0.00000,0.77945,-0.10315,0.00000,0.77945
9.100,0.10340,0.00000,0.77958,-0.10340,0.00000,0.77958
9.120,0.10366,0.00000,0.77969,-0.10366,0.00000,0.77969
9.140,0.10393,0.00000,0.77978,-0.10393,0.00000,0.77978
9.160,0.10420,0.00000,0.77986,-0.10420,0.00000,0.77986
9.180,0.10449,0.00000,0.77992,-0.10449,0.00000,0.77992
9.200,0.10478,0.00000,0.77997,-0.10478,0.00000,0.77997
9.220,0.10509,0.00000,0.77999,-0.10509,0.00000,0.77999
9.240,0.10540,0.00000,0.78000,-0.10540,0.00000,0.78000
9.260,0.10572,0.00000,0.77999,-0.10572,0.00000,0.77999
9.280,0.10606,0.00000,0.77997,-0.10606,0.00000,0.77997
9.300,0.10640,0.00000,0.77992,-0.10640,0.00000,0.77992
9.320,0.10675,0.00000,0.77986,-0.10675,0.00000,0.77986
9.340,0.10710,0.00000,0.77978,-0.10710,0.00000,0.77978
9.360,0.10747,0.00000,0.77969,-0.10747,0.00000,0.77969
9.380,0.10785,0.00000,0.77958,-0.10785,0.00000,0.77958
9.400,0.10823,0.00000,0.77945,-0.10823,0.00000,0.77945
9.420,0.10862,0.00000,0.77930,-0.10862,0.00000,0.77930
9.440,0.10903,0.00000,0.77913,-0.10903,0.00000,0.77913
9.460,0.10944,0.00000,0.77895,-0.10944,0.00000,0.77895
9.480,0.10986,0.00000,0.77876,-0.10986,0.00000,0.77876
9.500,0.11028,0.00000,0.77854,-0.11028,0.00000,0.77854
9.520,0.11072,0.00000,0.77831,-0.11072,0.00000,0.77831
9.540,0.11116,0.00000,0.77806,-0.11116,0.00000,0.77806
9.560,0.11162,0.00000,0.77779,-0.11162,0.00000,0.77779
9.580,0.11208,0.00000,0.77751,-0.11208,0.00000,0.77751
9.600,0.11254,0.00000,0.77721,-0.11254,0.00000,0.77721
9.620,0.11302,0.00000,0.77690,-0.11302,0.00000,0.77690
9.640,0.11351,0.00000,0.77656,-0.11351,0.00000,0.77656
9.660,0.11400,0.00000,0.77622,-0.11400,0.00000,0.77622
9.680,0.11450,0.00000,0.77585,-0.11450,0.00000,0.77585
9.700,0.11501,0.00000,0.77547,-0.11501,0.00000,0.77547
9.720,0.11553,0.00000,0.77507,-0.11553,0.00000,0.77507
9.740,0.11605,0.00000,0.77466,-0.11605,0.00000,0.77466
9.760,0.11659,0.00000,0.77423,-0.11659,0.00000,0.77423
9.780,0.11713,0.00000,0.77379,-0.11713,0.00000,0.77379
9.800,0.11767,0.00000,0.77333,-0.11767,0.00000,0.77333
9.820,0.11823,0.00000,0.77285,-0.11823,0.00000,0.77285
9.840,0.11879,0.00000,0.77236,-0.11879,0.00000,0.77236
9.860,0.11936,0.00000,0.77186,-0.11936,0.00000,0.77186
9.880,0.11994,0.00000,0.77134,-0.11994,0.00000,0.77134
9.900,0.12053,0.00000,0.77080,-0.12053,0.00000,0.77080
9.920,0.12112,0.00000,0.77025,-0.12112,0.00000,0.77025
9.940,0.12172,0.00000,0.76969,-0.12172,0.00000,0.76969
9.960,0.12232,0.00000,0.76911,-0.12232,0.00000,0.76911
9.980,0.12294,0.00000,0.76852,-0.12294,0.00000,0.76852
10.000,0.12356,0.00000,0.76791,-0.12356,0.00000,0.76791
10.020,0.12418,0.00000,0.76729,-0.12418,0.00000,0.76729
10.040,0.12482,0.00000,0.76665,-0.12482,0.00000,0.76665
10.060,0.12546,0.00000,0.76601,-0.12546,0.00000,0.76601
10.080,0.12611,0.00000,0.76534,-0.12611,0.00000,0.76534
10.100,0.12676,0.00000,0.76467,-0.12676,0.00000,0.76467
10.120,0.12742,0.00000,0.76398,-0.12742,0.00000,0.76398
10.140,0.12809,0.00000,0.76328,-0.12809,0.00000,0.76328
10.160,0.12876,0.00000,0.76257,-0.12876,0.00000,0.76257
10.180,0.12944,0.00000,0.76184,-0.12944,0.00000,0.76184
10.200,0.13012,0.00000,0.76111,-0.13012,0.00000,0.76111
10.220,0.13081,0.00000,0.76036,-0.13081,0.00000,0.76036
10.240,0.13151,0.00000,0.75960,-0.13151,0.00000,0.75960
10.260,0.13221,0.00000,0.75883,-0.13221,0.00000,0.75883
10.280,0.13292,0.00000,0.75804,-0.13292,0.00000,0.75804
10.300,0.13364,0.00000,0.75725,-0.13364,0.00000,0.75725
10.320,0.13436,0.00000,0.75644,-0.13436,0.00000,0.75644
10.340,0.13508,0.00000,0.75563,-0.13508,0.00000,0.75563
10.360,0.13581,0.00000,0.75480,-0.13581,0.00000,0.75480
10.380,0.13655,0.00000,0.75397,-0.13655,0.00000,0.75397
10.400,0.13729,0.00000,0.75312,-0.13729,0.00000,0.75312
10.420,0.13804,0.00000,0.75227,-0.13804,0.00000,0.75227
10.440,0.13879,0.00000,0.75140,-0.13879,0.00000,0.75140
10.460,0.13954,0.00000,0.75053,-0.13954,0.00000,0.75053
10.480,0.14031,0.00000,0.74964,-0.14031,0.00000,0.74964
10.500,0.14107,0.00000,0.74875,-0.14107,0.00000,0.74875
10.520,0.14184,0.00000,0.74785,-0.14184,0.00000,0.74785
10.540,0.14262,0.00000,0.74695,-0.14262,0.00000,0.74695
10.560,0.14340,0.00000,0.74603,-0.14340,0.00000,0.74603
10.580,0.14418,0.00000,0.74511,-0.14418,0.00000,0.74511
10.600,0.14497,0.00000,0.74418,-0.14497,0.00000,0.74418
10.620,0.14577,0.00000,0.74324,-0.14577,0.00000,0.74324
10.640,0.14656,0.00000,0.74230,-0.14656,0.00000,0.74230
10.660,0.14737,0.00000,0.74135,-0.14737,0.00000,0.74135
10.680,0.14817,0.00000,0.74039,-0.14817,0.00000,0.74039
10.700,0.14898,0.00000,0.73943,-0.14898,0.00000,0.73943
10.720,0.14979,0.00000,0.73846,-0.14979,0.00000,0.73846
10.740,0.15061,0.00000,0.73749,-0.15061,0.00000,0.73749
10.760,0.15143,0.00000,0.73651,-0.15143,0.00000,0.73651
10.780,0.15225,0.00000,0.73553,-0.15225,0.00000,0.73553
10.800,0.15308,0.00000,0.73454,-0.15308,0.00000,0.73454
10.820,0.15391,0.00000,0.73355,-0.15391,0.00000,0.73355
10.840,0.15474,0.00000,0.73255,-0.15474,0.00000,0.73255
10.860,0.15558,0.00000,0.73155,-0.15558,0.00000,0.73155
10.880,0.15642,0.00000,0.73055,-0.15642,0.00000,0.73055
10.900,0.15726,0.00000,0.72955,-0.15726,0.00000,0.72955
10.920,0.15811,0.00000,0.72854,-0.15811,0.00000,0.72854
10.940,0.15896,0.00000,0.72753,-0.15896,0.00000,0.72753
10.960,0.15981,0.00000,0.72651,-0.15981,0.00000,0.72651
10.980,0.16066,0.00000,0.72550,-0.16066,0.00000,0.72550
11.000,0.16151,0.00000,0.72448,-0.16151,0.00000,0.72448
11.020,0.16237,0.00000,0.72346,-0.16237,0.00000,0.72346
11.040,0.16323,0.00000,0.72245,-0.16323,0.00000,0.72245
11.060,0.16409,0.00000,0.72143,-0.16409,0.00000,0.72143
11.080,0.16496,0.00000,0.72041,-0.16496,0.00000,0.72041
11.100,0.16582,0.00000,0.71939,-0.16582,0.00000,0.71939
11.120,0.16669,0.00000,0.71837,-0.16669,0.00000,0.71837
11.140,0.16756,0.00000,0.71735,-0.16756,0.00000,0.71735
11.160,0.16843,0.00000,0.71633,-0.16843,0.00000,0.71633
11.180,0.16930,0.00000,0.71531,-0.16930,0.00000,0.71531
11.200,0.17017,0.00000,0.71430,-0.17017,0.00000,0.71430
11.220,0.17104,0.00000,0.71328,-0.17104,0.00000,0.71328
11.240,0.17192,0.00000,0.71227,-0.17192,0.00000,0.71227
11.260,0.17279,0.00000,0.71126,-0.17279,0.00000,0.71126
11.280,0.17367,0.00000,0.71025,-0.17367,0.00000,0.71025
11.300,0.17455,0.00000,0.70925,-0.17455,0.00000,0.70925
11.320,0.17543,0.00000,0.70824,-0.17543,0.00000,0.70824
11.340,0.17631,0.00000,0.70724,-0.17631,0.00000,0.70724
11.360,0.17719,0.00000,0.70625,-0.17719,0.00000,0.70625
11.380,0.17807,0.00000,0.70526,-0.17807,0.00000,0.70526
11.400,0.17895,0.00000,0.70427,-0.17895,0.00000,0.70427
11.420,0.17983,0.00000,0.70329,-0.17983,0.00000,0.70329
11.440,0.18071,0.00000,0.70231,-0.18071,0.00000,0.70231
11.460,0.18159,0.00000,0.70134,-0.18159,0.00000,0.70134
11.480,0.18246,0.00000,0.70037,-0.18246,0.00000,0.70037
11.500,0.18334,0.00000,0.69941,-0.18334,0.00000,0.69941
11.520,0.18422,0.00000,0.69846,-0.18422,0.00000,0.69846
11.540,0.18510,0.00000,0.69751,-0.18510,0.00000,0.69751
11.560,0.18598,0.00000,0.69657,-0.18598,0.00000,0.69657
11.580,0.18686,0.00000,0.69563,-0.18686,0.00000,0.69563
11.600,0.18773,0.00000,0.69470,-0.18773,0.00000,0.69470
11.620,0.18861,0.00000,0.69378,-0.18861,0.00000,0.69378
11.640,0.18948,0.00000,0.69287,-0.18948,0.00000,0.69287
11.660,0.19036,0.00000,0.69196,-0.19036,0.00000,0.69196
11.680,0.19123,0.00000,0.69106,-0.19123,0.00000,0.69106
11.700,0.19210,0.00000,0.69018,-0.19210,0.00000,0.69018
11.720,0.19297,0.00000,0.68929,-0.19297,0.00000,0.68929
11.740,0.19384,0.00000,0.68842,-0.19384,0.00000,0.68842
11.760,0.19470,0.00000,0.68756,-0.19470,0.00000,0.68756
11.780,0.19557,0.00000,0.68671,-0.19557,0.00000,0.68671
11.800,0.19643,0.00000,0.68586,-0.19643,0.00000,0.68586
11.820,0.19729,0.00000,0.68503,-0.19729,0.00000,0.68503
11.840,0.19815,0.00000,0.68421,-0.19815,0.00000,0.68421
11.860,0.19900,0.00000,0.68339,-0.19900,0.00000,0.68339
11.880,0.19986,0.00000,0.68259,-0.19986,0.00000,0.68259
11.900,0.20071,0.00000,0.68180,-0.20071,0.00000,0.68180
11.920,0.20156,0.00000,0.68102,-0.20156,0.00000,0.68102
11.940,0.20240,0.00000,0.68025,-0.20240,0.00000,0.68025
11.960,0.20325,0.00000,0.67949,-0.20325,0.00000,0.67949
11.980,0.20409,0.00000,0.67874,-0.20409,0.00000,0.67874
12.000,0.20492,0.00000,0.67801,-0.20492,0.00000,0.67801
12.020,0.20576,0.00000,0.67729,-0.20576,0.00000,0.67729
12.040,0.20659,0.00000,0.67657,-0.20659,0.00000,0.67657
12.060,0.20742,0.00000,0.67588,-0.20742,0.00000,0.67588
12.080,0.20824,0.00000,0.67519,-0.20824,0.00000,0.67519
12.100,0.20906,0.00000,0.67452,-0.20906,0.00000,0.67452
12.120,0.20988,0.00000,0.67386,-0.20988,0.00000,0.67386
12.140,0.21070,0.00000,0.67322,-0.21070,0.00000,0.67322
12.160,0.21151,0.00000,0.67258,-0.21151,0.00000,0.67258
12.180,0.21231,0.00000,0.67197,-0.21231,0.00000,0.67197
12.200,0.21312,0.00000,0.67136,-0.21312,0.00000,0.67136
12.220,0.21392,0.00000,0.67077,-0.21392,0.00000,0.67077
12.240,0.21471,0.00000,0.67020,-0.21471,0.00000,0.67020
12.260,0.21550,0.00000,0.66963,-0.21550,0.00000,0.66963
12.280,0.21629,0.00000,0.66909,-0.21629,0.00000,0.66909
12.300,0.21707,0.00000,0.66856,-0.21707,0.00000,0.66856
12.320,0.21785,0.00000,0.66804,-0.21785,0.00000,0.66804
12.340,0.21862,0.00000,0.66754,-0.21862,0.00000,0.66754
12.360,0.21939,0.00000,0.66705,-0.21939,0.00000,0.66705
12.380,0.22015,0.00000,0.66658,-0.22015,0.00000,0.66658
12.400,0.22091,0.00000,0.66612,-0.22091,0.00000,0.66612
12.420,0.22167,0.00000,0.66568,-0.22167,0.00000,0.66568
12.440,0.22241,0.00000,0.66525,-0.22241,0.00000,0.66525
12.460,0.22316,0.00000,0.66484,-0.22316,0.00000,0.66484
12.480,0.22390,0.00000,0.66445,-0.22390,0.00000,0.66445
12.500,0.22463,0.00000,0.66407,-0.22463,0.00000,0.66407
12.520,0.22536,0.00000,0.66371,-0.22536,0.00000,0.66371
12.540,0.22608,0.00000,0.66337,-0.22608,0.00000,0.66337
12.560,0.22680,0.00000,0.66304,-0.22680,0.00000,0.66304
12.580,0.22751,0.00000,0.66273,-0.22751,0.00000,0.66273
12.600,0.22821,0.00000,0.66243,-0.22821,0.00000,0.66243
12.620,0.22891,0.00000,0.66215,-0.22891,0.00000,0.66215
12.640,0.22960,0.00000,0.66189,-0.22960,0.00000,0.66189
12.660,0.23029,0.00000,0.66164,-0.23029,0.00000,0.66164
12.680,0.23097,0.00000,0.66141,-0.23097,0.00000,0.66141
12.700,0.23165,0.00000,0.66120,-0.23165,0.00000,0.66120
12.720,0.23232,0.00000,0.66101,-0.23232,0.00000,0.66101
12.740,0.23298,0.00000,0.66083,-0.23298,0.00000,0.66083
12.760,0.23364,0.00000,0.66067,-0.23364,0.00000,0.66067
12.780,0.23429,0.00000,0.66053,-0.23429,0.00000,0.66053
12.800,0.23493,0.00000,0.66040,-0.23493,0.00000,0.66040
12.820,0.23557,0.00000,0.66029,-0.23557,0.00000,0.66029
12.840,0.23619,0.00000,0.66020,-0.23619,0.00000,0.66020
12.860,0.23682,0.00000,0.66013,-0.23682,0.00000,0.66013
12.880,0.23743,0.00000,0.66007,-0.23743,0.00000,0.66007
12.900,0.23804,0.00000,0.66003,-0.23804,0.00000,0.66003
12.920,0.23865,0.00000,0.66001,-0.23865,0.00000,0.66001
12.940,0.23924,0.00000,0.66000,-0.23924,0.00000,0.66000
12.960,0.23983,0.00000,0.66001,-0.23983,0.00000,0.66001
12.980,0.24041,0.00000,0.66004,-0.24041,0.00000,0.66004
13.000,0.24098,0.00000,0.66009,-0.24098,0.00000,0.66009
13.020,0.24155,0.00000,0.66015,-0.24155,0.00000,0.66015
13.040,0.24211,0.00000,0.66023,-0.24211,0.00000,0.66023
13.060,0.24266,0.00000,0.66033,-0.24266,0.00000,0.66033
13.080,0.24320,0.00000,0.66045,-0.24320,0.00000,0.66045
13.100,0.24374,0.00000,0.66058,-0.24374,0.00000,0.66058
13.120,0.24426,0.00000,0.66073,-0.24426,0.00000,0.66073
13.140,0.24478,0.00000,0.66090,-0.24478,0.00000,0.66090
13.160,0.24530,0.00000,0.66108,-0.24530,0.00000,0.66108
13.180,0.24580,0.00000,0.66129,-0.24580,0.00000,0.66129
13.200,0.24630,0.00000,0.66150,-0.24630,0.00000,0.66150
13.220,0.24679,0.00000,0.66174,-0.24679,0.00000,0.66174
13.240,0.24727,0.00000,0.66199,-0.24727,0.00000,0.66199
13.260,0.24774,0.00000,0.66226,-0.24774,0.00000,0.66226
13.280,0.24820,0.00000,0.66255,-0.24820,0.00000,0.66255
13.300,0.24866,0.00000,0.66285,-0.24866,0.00000,0.66285
13.320,0.24911,0.00000,0.66317,-0.24911,0.00000,0.66317
13.340,0.24955,0.00000,0.66350,-0.24955,0.00000,0.66350
13.360,0.24998,0.00000,0.66386,-0.24998,0.00000,0.66386
13.380,0.25040,0.00000,0.66422,-0.25040,0.00000,0.66422
13.400,0.25081,0.00000,0.66461,-0.25081,0.00000,0.66461
13.420,0.25122,0.00000,0.66501,-0.25122,0.00000,0.66501
13.440,0.25161,0.00000,0.66542,-0.25161,0.00000,0.66542
13.460,0.25200,0.00000,0.66585,-0.25200,0.00000,0.66585
13.480,0.25238,0.00000,0.66630,-0.25238,0.00000,0.66630
13.500,0.25275,0.00000,0.66676,-0.25275,0.00000,0.66676
13.520,0.25311,0.00000,0.66724,-0.25311,0.00000,0.66724
13.540,0.25347,0.00000,0.66774,-0.25347,0.00000,0.66774
13.560,0.25381,0.00000,0.66824,-0.25381,0.00000,0.66824
13.580,0.25414,0.00000,0.66877,-0.25414,0.00000,0.66877
13.600,0.25447,0.00000,0.66931,-0.25447,0.00000,0.66931
13.620,0.25479,0.00000,0.66986,-0.25479,0.00000,0.66986
13.640,0.25510,0.00000,0.67043,-0.25510,0.00000,0.67043
13.660,0.25539,0.00000,0.67101,-0.25539,0.00000,0.67101
13.680,0.25568,0.00000,0.67160,-0.25568,0.00000,0.67160
13.700,0.25596,0.00000,0.67221,-0.25596,0.00000,0.67221
13.720,0.25624,0.00000,0.67284,-0.25624,0.00000,0.67284
13.740,0.25650,0.00000,0.67348,-0.25650,0.00000,0.67348
13.760,0.25675,0.00000,0.67413,-0.25675,0.00000,0.67413
13.780,0.25699,0.00000,0.67479,-0.25699,0.00000,0.67479
13.800,0.25723,0.00000,0.67547,-0.25723,0.00000,0.67547
13.820,0.25745,0.00000,0.67616,-0.25745,0.00000,0.67616
13.840,0.25767,0.00000,0.67686,-0.25767,0.00000,0.67686
13.860,0.25788,0.00000,0.67757,-0.25788,0.00000,0.67757
13.880,0.25807,0.00000,0.67830,-0.25807,0.00000,0.67830
13.900,0.25826,0.00000,0.67904,-0.25826,0.00000,0.67904
13.920,0.25844,0.00000,0.67979,-0.25844,0.00000,0.67979
13.940,0.25861,0.00000,0.68056,-0.25861,0.00000,0.68056
13.960,0.25876,0.00000,0.68133,-0.25876,0.00000,0.68133
13.980,0.25891,0.00000,0.68212,-0.25891,0.00000,0.68212
14.000,0.25905,0.00000,0.68291,-0.25905,0.00000,0.68291
14.020,0.25918,0.00000,0.68372,-0.25918,0.00000,0.68372
14.040,0.25930,0.00000,0.68454,-0.25930,0.00000,0.68454
14.060,0.25942,0.00000,0.68536,-0.25942,0.00000,0.68536
14.080,0.25952,0.00000,0.68620,-0.25952,0.00000,0.68620
14.100,0.25961,0.00000,0.68705,-0.25961,0.00000,0.68705
14.120,0.25969,0.00000,0.68791,-0.25969,0.00000,0.68791
14.140,0.25976,0.00000,0.68877,-0.25976,0.00000,0.68877
14.160,0.25983,0.00000,0.68965,-0.25983,0.00000,0.68965
14.180,0.25988,0.00000,0.69053,-0.25988,0.00000,0.69053
14.200,0.25992,0.00000,0.69143,-0.25992,0.00000,0.69143
14.220,0.25996,0.00000,0.69233,-0.25996,0.00000,0.69233
14.240,0.25998,0.00000,0.69324,-0.25998,0.00000,0.69324
14.260,0.26000,0.00000,0.69415,-0.26000,0.00000,0.69415
14.280,0.26000,0.00000,0.69508,-0.26000,0.00000,0.69508
14.300,0.26000,0.00000,0.69601,-0.26000,0.00000,0.69601
14.320,0.25998,0.00000,0.69695,-0.25998,0.00000,0.69695
14.340,0.25996,0.00000,0.69789,-0.25996,0.00000,0.69789
14.360,0.25992,0.00000,0.69884,-0.25992,0.00000,0.69884
14.380,0.25988,0.00000,0.69980,-0.25988,0.00000,0.69980
14.400,0.25983,0.00000,0.70076,-0.25983,0.00000,0.70076
14.420,0.25976,0.00000,0.70173,-0.25976,0.00000,0.70173
14.440,0.25969,0.00000,0.70271,-0.25969,0.00000,0.70271
14.460,0.25961,0.00000,0.70369,-0.25961,0.00000,0.70369
14.480,0.25952,0.00000,0.70467,-0.25952,0.00000,0.70467
14.500,0.25941,0.00000,0.70566,-0.25941,0.00000,0.70566
14.520,0.25930,0.00000,0.70665,-0.25930,0.00000,0.70665
14.540,0.25918,0.00000,0.70765,-0.25918,0.00000,0.70765
14.560,0.25905,0.00000,0.70865,-0.25905,0.00000,0.70865
14.580,0.25891,0.00000,0.70965,-0.25891,0.00000,0.70965
14.600,0.25876,0.00000,0.71066,-0.25876,0.00000,0.71066
14.620,0.25861,0.00000,0.71166,-0.25861,0.00000,0.71166
14.640,0.25844,0.00000,0.71268,-0.25844,0.00000,0.71268
14.660,0.25826,0.00000,0.71369,-0.25826,0.00000,0.71369
14.680,0.25807,0.00000,0.71470,-0.25807,0.00000,0.71470
14.700,0.25787,0.00000,0.71572,-0.25787,0.00000,0.71572
14.720,0.25767,0.00000,0.71674,-0.25767,0.00000,0.71674
14.740,0.25745,0.00000,0.71776,-0.25745,0.00000,0.71776
14.760,0.25723,0.00000,0.71878,-0.25723,0.00000,0.71878
14.780,0.25699,0.00000,0.71980,-0.25699,0.00000,0.71980
14.800,0.25675,0.00000,0.72082,-0.25675,0.00000,0.72082
14.820,0.25650,0.00000,0.72184,-0.25650,0.00000,0.72184
14.840,0.25623,0.00000,0.72286,-0.25623,0.00000,0.72286
14.860,0.25596,0.00000,0.72388,-0.25596,0.00000,0.72388
14.880,0.25568,0.00000,0.72489,-0.25568,0.00000,0.72489
14.900,0.25539,0.00000,0.72591,-0.25539,0.00000,0.72591
14.920,0.25509,0.00000,0.72692,-0.25509,0.00000,0.72692
14.940,0.25479,0.00000,0.72793,-0.25479,0.00000,0.72793
14.960,0.25447,0.00000,0.72894,-0.25447,0.00000,0.72894
14.980,0.25414,0.00000,0.72995,-0.25414,0.00000,0.72995
15.000,0.25381,0.00000,0.73096,-0.25381,0.00000,0.73096
15.020,0.25346,0.00000,0.73196,-0.25346,0.00000,0.73196
15.040,0.25311,0.00000,0.73295,-0.25311,0.00000,0.73295
15.060,0.25275,0.00000,0.73395,-0.25275,0.00000,0.73395
15.080,0.25238,0.00000,0.73494,-0.25238,0.00000,0.73494
15.100,0.25200,0.00000,0.73592,-0.25200,0.00000,0.73592
15.120,0.25161,0.00000,0.73691,-0.25161,0.00000,0.73691
15.140,0.25122,0.00000,0.73788,-0.25122,0.00000,0.73788
15.160,0.25081,0.00000,0.73885,-0.25081,0.00000,0.73885
15.180,0.25040,0.00000,0.73982,-0.25040,0.00000,0.73982
15.200,0.24997,0.00000,0.74078,-0.24997,0.00000,0.74078
15.220,0.24954,0.00000,0.74173,-0.24954,0.00000,0.74173
15.240,0.24910,0.00000,0.74268,-0.24910,0.00000,0.74268
15.260,0.24866,0.00000,0.74362,-0.24866,0.00000,0.74362
15.280,0.24820,0.00000,0.74455,-0.24820,0.00000,0.74455
15.300,0.24774,0.00000,0.74548,-0.24774,0.00000,0.74548
15.320,0.24726,0.00000,0.74640,-0.24726,0.00000,0.74640
15.340,0.24678,0.00000,0.74731,-0.24678,0.00000,0.74731
15.360,0.24630,0.00000,0.74822,-0.24630,0.00000,0.74822
15.380,0.24580,0.00000,0.74911,-0.24580,0.00000,0.74911
15.400,0.24529,0.00000,0.75000,-0.24529,0.00000,0.75000
15.420,0.24478,0.00000,0.75088,-0.24478,0.00000,0.75088
15.440,0.24426,0.00000,0.75175,-0.24426,0.00000,0.75175
15.460,0.24373,0.00000,0.75261,-0.24373,0.00000,0.75261
15.480,0.24320,0.00000,0.75346,-0.24320,0.00000,0.75346
15.500,0.24266,0.00000,0.75430,-0.24266,0.00000,0.75430
15.520,0.24210,0.00000,0.75514,-0.24210,0.00000,0.75514
15.540,0.24155,0.00000,0.75596,-0.24155,0.00000,0.75596
15.560,0.24098,0.00000,0.75677,-0.24098,0.00000,0.75677
15.580,0.24041,0.00000,0.75757,-0.24041,0.00000,0.75757
15.600,0.23983,0.00000,0.75836,-0.23983,0.00000,0.75836
15.620,0.23924,0.00000,0.75914,-0.23924,0.00000,0.75914
15.640,0.23864,0.00000,0.75991,-0.23864,0.00000,0.75991
15.660,0.23804,0.00000,0.76066,-0.23804,0.00000,0.76066
15.680,0.23743,0.00000,0.76141,-0.23743,0.00000,0.76141
15.700,0.23682,0.00000,0.76214,-0.23682,0.00000,0.76214
15.720,0.23619,0.00000,0.76286,-0.23619,0.00000,0.76286
15.740,0.23556,0.00000,0.76357,-0.23556,0.00000,0.76357
15.760,0.23493,0.00000,0.76426,-0.23493,0.00000,0.76426
15.780,0.23428,0.00000,0.76494,-0.23428,0.00000,0.76494
15.800,0.23363,0.00000,0.76561,-0.23363,0.00000,0.76561
15.820,0.23298,0.00000,0.76627,-0.23298,0.00000,0.76627
15.840,0.23232,0.00000,0.76691,-0.23232,0.00000,0.76691
15.860,0.23165,0.00000,0.76754,-0.23165,0.00000,0.76754
15.880,0.23097,0.00000,0.76816,-0.23097,0.00000,0.76816
15.900,0.23029,0.00000,0.76876,-0.23029,0.00000,0.76876
15.920,0.22960,0.00000,0.76934,-0.22960,0.00000,0.76934
15.940,0.22891,0.00000,0.76992,-0.22891,0.00000,0.76992
15.960,0.22821,0.00000,0.77048,-0.22821,0.00000,0.77048
15.980,0.22750,0.00000,0.77102,-0.22750,0.00000,0.77102
16.000,0.22679,0.00000,0.77155,-0.22679,0.00000,0.77155
16.020,0.22608,0.00000,0.77206,-0.22608,0.00000,0.77206
16.040,0.22535,0.00000,0.77256,-0.22535,0.00000,0.77256
16.060,0.22463,0.00000,0.77305,-0.22463,0.00000,0.77305
16.080,0.22389,0.00000,0.77352,-0.22389,0.00000,0.77352
16.100,0.22316,0.00000,0.77397,-0.22316,0.00000,0.77397
16.120,0.22241,0.00000,0.77441,-0.22241,0.00000,0.77441
16.140,0.22166,0.00000,0.77483,-0.22166,0.00000,0.77483
16.160,0.22091,0.00000,0.77524,-0.22091,0.00000,0.77524
16.180,0.22015,0.00000,0.77563,-0.22015,0.00000,0.77563
16.200,0.21939,0.00000,0.77600,-0.21939,0.00000,0.77600
16.220,0.21862,0.00000,0.77636,-0.21862,0.00000,0.77636
16.240,0.21785,0.00000,0.77670,-0.21785,0.00000,0.77670
16.260,0.21707,0.00000,0.77703,-0.21707,0.00000,0.77703
16.280,0.21629,0.00000,0.77733,-0.21629,0.00000,0.77733
16.300,0.21550,0.00000,0.77763,-0.21550,0.00000,0.77763
16.320,0.21471,0.00000,0.77790,-0.21471,0.00000,0.77790
16.340,0.21391,0.00000,0.77816,-0.21391,0.00000,0.77816
16.360,0.21312,0.00000,0.77840,-0.21312,0.00000,0.77840
16.380,0.21231,0.00000,0.77863,-0.21231,0.00000,0.77863
16.400,0.21151,0.00000,0.77884,-0.21151,0.00000,0.77884
16.420,0.21069,0.00000,0.77903,-0.21069,0.00000,0.77903
16.440,0.20988,0.00000,0.77920,-0.20988,0.00000,0.77920
16.460,0.20906,0.00000,0.77936,-0.20906,0.00000,0.77936
16.480,0.20824,0.00000,0.77950,-0.20824,0.00000,0.77950
16.500,0.20742,0.00000,0.77962,-0.20742,0.00000,0.77962
16.520,0.20659,0.00000,0.77973,-0.20659,0.00000,0.77973
16.540,0.20576,0.00000,0.77982,-0.20576,0.00000,0.77982
16.560,0.20492,0.00000,0.77989,-0.20492,0.00000,0.77989
16.580,0.20408,0.00000,0.77994,-0.20408,0.00000,0.77994
16.600,0.20324,0.00000,0.77998,-0.20324,0.00000,0.77998
16.620,0.20240,0.00000,0.78000,-0.20240,0.00000,0.78000
16.640,0.20155,0.00000,0.78000,-0.20155,0.00000,0.78000
16.660,0.20070,0.00000,0.77998,-0.20070,0.00000,0.77998
16.680,0.19985,0.00000,0.77995,-0.19985,0.00000,0.77995
16.700,0.19900,0.00000,0.77990,-0.19900,0.00000,0.77990
16.720,0.19814,0.00000,0.77983,-0.19814,0.00000,0.77983
16.740,0.19728,0.00000,0.77975,-0.19728,0.00000,0.77975
16.760,0.19642,0.00000,0.77965,-0.19642,0.00000,0.77965
16.780,0.19556,0.00000,0.77953,-0.19556,0.00000,0.77953
16.800,0.19470,0.00000,0.77939,-0.19470,0.00000,0.77939
16.820,0.19383,0.00000,0.77924,-0.19383,0.00000,0.77924
16.840,0.19296,0.00000,0.77906,-0.19296,0.00000,0.77906
16.860,0.19210,0.00000,0.77888,-0.19210,0.00000,0.77888
16.880,0.19123,0.00000,0.77867,-0.19123,0.00000,0.77867
16.900,0.19035,0.00000,0.77845,-0.19035,0.00000,0.77845
16.920,0.18948,0.00000,0.77821,-0.18948,0.00000,0.77821
16.940,0.18861,0.00000,0.77796,-0.18861,0.00000,0.77796
16.960,0.18773,0.00000,0.77768,-0.18773,0.00000,0.77768
16.980,0.18685,0.00000,0.77739,-0.18685,0.00000,0.77739
17.000,0.18598,0.00000,0.77709,-0.18598,0.00000,0.77709
17.020,0.18510,0.00000,0.77677,-0.18510,0.00000,0.77677
17.040,0.18422,0.00000,0.77643,-0.18422,0.00000,0.77643
17.060,0.18334,0.00000,0.77607,-0.18334,0.00000,0.77607
17.080,0.18246,0.00000,0.77570,-0.18246,0.00000,0.77570
17.100,0.18158,0.00000,0.77531,-0.18158,0.00000,0.77531
17.120,0.18070,0.00000,0.77491,-0.18070,0.00000,0.77491
17.140,0.17982,0.00000,0.77449,-0.17982,0.00000,0.77449
17.160,0.17894,0.00000,0.77406,-0.17894,0.00000,0.77406
17.180,0.17806,0.00000,0.77361,-0.17806,0.00000,0.77361
17.200,0.17718,0.00000,0.77314,-0.17718,0.00000,0.77314
17.220,0.17630,0.00000,0.77266,-0.17630,0.00000,0.77266
17.240,0.17542,0.00000,0.77216,-0.17542,0.00000,0.77216
17.260,0.17455,0.00000,0.77165,-0.17455,0.00000,0.77165
17.280,0.17367,0.00000,0.77113,-0.17367,0.00000,0.77113
17.300,0.17279,0.00000,0.77058,-0.17279,0.00000,0.77058
17.320,0.17192,0.00000,0.77003,-0.17192,0.00000,0.77003
17.340,0.17104,0.00000,0.76946,-0.17104,0.00000,0.76946
17.360,0.17017,0.00000,0.76887,-0.17017,0.00000,0.76887
17.380,0.16929,0.00000,0.76827,-0.16929,0.00000,0.76827
17.400,0.16842,0.00000,0.76766,-0.16842,0.00000,0.76766
17.420,0.16755,0.00000,0.76704,-0.16755,0.00000,0.76704
17.440,0.16668,0.00000,0.76640,-0.16668,0.00000,0.76640
17.460,0.16582,0.00000,0.76574,-0.16582,0.00000,0.76574
17.480,0.16495,0.00000,0.76508,-0.16495,0.00000,0.76508
17.500,0.16409,0.00000,0.76440,-0.16409,0.00000,0.76440
17.520,0.16323,0.00000,0.76370,-0.16323,0.00000,0.76370
17.540,0.16237,0.00000,0.76300,-0.16237,0.00000,0.76300
17.560,0.16151,0.00000,0.76228,-0.16151,0.00000,0.76228
17.580,0.16066,0.00000,0.76155,-0.16066,0.00000,0.76155
17.600,0.15980,0.00000,0.76081,-0.15980,0.00000,0.76081
17.620,0.15895,0.00000,0.76006,-0.15895,0.00000,0.76006
17.640,0.15811,0.00000,0.75929,-0.15811,0.00000,0.75929
17.660,0.15726,0.00000,0.75851,-0.15726,0.00000,0.75851
17.680,0.15642,0.00000,0.75773,-0.15642,0.00000,0.75773
17.700,0.15558,0.00000,0.75693,-0.15558,0.00000,0.75693
17.720,0.15474,0.00000,0.75612,-0.15474,0.00000,0.75612
17.740,0.15391,0.00000,0.75530,-0.15391,0.00000,0.75530
17.760,0.15308,0.00000,0.75447,-0.15308,0.00000,0.75447
17.780,0.15225,0.00000,0.75363,-0.15225,0.00000,0.75363
17.800,0.15143,0.00000,0.75278,-0.15143,0.00000,0.75278
17.820,0.15061,0.00000,0.75192,-0.15061,0.00000,0.75192
17.840,0.14979,0.00000,0.75105,-0.14979,0.00000,0.75105
17.860,0.14898,0.00000,0.75017,-0.14898,0.00000,0.75017
17.880,0.14817,0.00000,0.74929,-0.14817,0.00000,0.74929
17.900,0.14736,0.00000,0.74839,-0.14736,0.00000,0.74839
17.920,0.14656,0.00000,0.74749,-0.14656,0.00000,0.74749
17.940,0.14576,0.00000,0.74658,-0.14576,0.00000,0.74658
17.960,0.14497,0.00000,0.74566,-0.14497,0.00000,0.74566
17.980,0.14418,0.00000,0.74474,-0.14418,0.00000,0.74474
18.000,0.14340,0.00000,0.74380,-0.14340,0.00000,0.74380
18.020,0.14262,0.00000,0.74286,-0.14262,0.00000,0.74286
18.040,0.14184,0.00000,0.74192,-0.14184,0.00000,0.74192
18.060,0.14107,0.00000,0.74097,-0.14107,0.00000,0.74097
18.080,0.14030,0.00000,0.74001,-0.14030,0.00000,0.74001
18.100,0.13954,0.00000,0.73904,-0.13954,0.00000,0.73904
18.120,0.13879,0.00000,0.73807,-0.13879,0.00000,0.73807
18.140,0.13803,0.00000,0.73710,-0.13803,0.00000,0.73710
18.160,0.13729,0.00000,0.73612,-0.13729,0.00000,0.73612
18.180,0.13655,0.00000,0.73513,-0.13655,0.00000,0.73513
18.200,0.13581,0.00000,0.73414,-0.13581,0.00000,0.73414
18.220,0.13508,0.00000,0.73315,-0.13508,0.00000,0.73315
18.240,0.13435,0.00000,0.73215,-0.13435,0.00000,0.73215
18.260,0.13363,0.00000,0.73115,-0.13363,0.00000,0.73115
18.280,0.13292,0.00000,0.73015,-0.13292,0.00000,0.73015
18.300,0.13221,0.00000,0.72914,-0.13221,0.00000,0.72914
18.320,0.13151,0.00000,0.72813,-0.13151,0.00000,0.72813
18.340,0.13081,0.00000,0.72712,-0.13081,0.00000,0.72712
18.360,0.13012,0.00000,0.72611,-0.13012,0.00000,0.72611
18.380,0.12943,0.00000,0.72509,-0.12943,0.00000,0.72509
18.400,0.12876,0.00000,0.72407,-0.12876,0.00000,0.72407
18.420,0.12808,0.00000,0.72306,-0.12808,0.00000,0.72306
18.440,0.12742,0.00000,0.72204,-0.12742,0.00000,0.72204
18.460,0.12676,0.00000,0.72102,-0.12676,0.00000,0.72102
18.480,0.12610,0.00000,0.72000,-0.12610,0.00000,0.72000
18.500,0.12546,0.00000,0.71898,-0.12546,0.00000,0.71898
18.520,0.12482,0.00000,0.71796,-0.12482,0.00000,0.71796
18.540,0.12418,0.00000,0.71694,-0.12418,0.00000,0.71694
18.560,0.12355,0.00000,0.71592,-0.12355,0.00000,0.71592
18.580,0.12293,0.00000,0.71490,-0.12293,0.00000,0.71490
18.600,0.12232,0.00000,0.71389,-0.12232,0.00000,0.71389
18.620,0.12171,0.00000,0.71287,-0.12171,0.00000,0.71287
18.640,0.12112,0.00000,0.71186,-0.12112,0.00000,0.71186
18.660,0.12052,0.00000,0.71085,-0.12052,0.00000,0.71085
18.680,0.11994,0.00000,0.70985,-0.11994,0.00000,0.70985
18.700,0.11936,0.00000,0.70884,-0.11936,0.00000,0.70884
18.720,0.11879,0.00000,0.70784,-0.11879,0.00000,0.70784
18.740,0.11823,0.00000,0.70685,-0.11823,0.00000,0.70685
18.760,0.11767,0.00000,0.70585,-0.11767,0.00000,0.70585
18.780,0.11712,0.00000,0.70486,-0.11712,0.00000,0.70486
18.800,0.11658,0.00000,0.70388,-0.11658,0.00000,0.70388
18.820,0.11605,0.00000,0.70290,-0.11605,0.00000,0.70290
18.840,0.11553,0.00000,0.70192,-0.11553,0.00000,0.70192
18.860,0.11501,0.00000,0.70095,-0.11501,0.00000,0.70095
18.880,0.11450,0.00000,0.69999,-0.11450,0.00000,0.69999
18.900,0.11400,0.00000,0.69903,-0.11400,0.00000,0.69903
18.920,0.11351,0.00000,0.69808,-0.11351,0.00000,0.69808
18.940,0.11302,0.00000,0.69713,-0.11302,0.00000,0.69713
18.960,0.11254,0.00000,0.69619,-0.11254,0.00000,0.69619
18.980,0.11207,0.00000,0.69526,-0.11207,0.00000,0.69526
19.000,0.11161,0.00000,0.69433,-0.11161,0.00000,0.69433
19.020,0.11116,0.00000,0.69341,-0.11116,0.00000,0.69341
19.040,0.11072,0.00000,0.69250,-0.11072,0.00000,0.69250
19.060,0.11028,0.00000,0.69160,-0.11028,0.00000,0.69160
19.080,0.10985,0.00000,0.69071,-0.10985,0.00000,0.69071
19.100,0.10944,0.00000,0.68982,-0.10944,0.00000,0.68982
19.120,0.10902,0.00000,0.68894,-0.10902,0.00000,0.68894
19.140,0.10862,0.00000,0.68808,-0.10862,0.00000,0.68808
19.160,0.10823,0.00000,0.68722,-0.10823,0.00000,0.68722
19.180,0.10785,0.00000,0.68637,-0.10785,0.00000,0.68637
19.200,0.10747,0.00000,0.68553,-0.10747,0.00000,0.68553
19.220,0.10710,0.00000,0.68470,-0.10710,0.00000,0.68470
19.240,0.10674,0.00000,0.68388,-0.10674,0.00000,0.68388
19.260,0.10640,0.00000,0.68307,-0.10640,0.00000,0.68307
19.280,0.10606,0.00000,0.68227,-0.10606,0.00000,0.68227
19.300,0.10572,0.00000,0.68148,-0.10572,0.00000,0.68148
19.320,0.10540,0.00000,0.68071,-0.10540,0.00000,0.68071
19.340,0.10509,0.00000,0.67994,-0.10509,0.00000,0.67994
19.360,0.10478,0.00000,0.67919,-0.10478,0.00000,0.67919
19.380,0.10449,0.00000,0.67845,-0.10449,0.00000,0.67845
19.400,0.10420,0.00000,0.67772,-0.10420,0.00000,0.67772
19.420,0.10393,0.00000,0.67700,-0.10393,0.00000,0.67700
19.440,0.10366,0.00000,0.67629,-0.10366,0.00000,0.67629
19.460,0.10340,0.00000,0.67560,-0.10340,0.00000,0.67560
19.480,0.10315,0.00000,0.67492,-0.10315,0.00000,0.67492
19.500,0.10291,0.00000,0.67426,-0.10291,0.00000,0.67426
19.520,0.10268,0.00000,0.67360,-0.10268,0.00000,0.67360
19.540,0.10246,0.00000,0.67296,-0.10246,0.00000,0.67296
19.560,0.10225,0.00000,0.67234,-0.10225,0.00000,0.67234
19.580,0.10204,0.00000,0.67172,-0.10204,0.00000,0.67172
19.600,0.10185,0.00000,0.67112,-0.10185,0.00000,0.67112
19.620,0.10167,0.00000,0.67054,-0.10167,0.00000,0.67054
19.640,0.10149,0.00000,0.66997,-0.10149,0.00000,0.66997
19.660,0.10133,0.00000,0.66941,-0.10133,0.00000,0.66941
19.680,0.10117,0.00000,0.66887,-0.10117,0.00000,0.66887
19.700,0.10103,0.00000,0.66835,-0.10103,0.00000,0.66835
19.720,0.10089,0.00000,0.66783,-0.10089,0.00000,0.66783
19.740,0.10077,0.00000,0.66734,-0.10077,0.00000,0.66734
19.760,0.10065,0.00000,0.66686,-0.10065,0.00000,0.66686
19.780,0.10054,0.00000,0.66639,-0.10054,0.00000,0.66639
19.800,0.10045,0.00000,0.66594,-0.10045,0.00000,0.66594
19.820,0.10036,0.00000,0.66551,-0.10036,0.00000,0.66551
19.840,0.10028,0.00000,0.66509,-0.10028,0.00000,0.66509
19.860,0.10021,0.00000,0.66468,-0.10021,0.00000,0.66468
19.880,0.10015,0.00000,0.66430,-0.10015,0.00000,0.66430
19.900,0.10010,0.00000,0.66393,-0.10010,0.00000,0.66393
19.920,0.10006,0.00000,0.66357,-0.10006,0.00000,0.66357
19.940,0.10003,0.00000,0.66323,-0.10003,0.00000,0.66323
19.960,0.10001,0.00000,0.66291,-0.10001,0.00000,0.66291
19.980,0.10000,0.00000,0.66261,-0.10000,0.00000,0.66261
20.000,0.10000,0.00000,0.66232,-0.10000,0.00000,0.66232
