path,sha256,lines,static_check,error,semantic_review
MuJoCo_G1_Controller/scripts/export_g1_mink_fk_reference.py,52b084b2b71ae24a83a38115ecad32f808455dca0fff3b766584a49f72b1b9c7,81,python_ast_pass,,full_text_review
MuJoCo_G1_Controller/scripts/g1_gate7_feedback.py,a3b14b20de415c7e3ac112bb09d1dfdd671ef1f16ba36780fc59336aa466b26c,77,python_ast_pass,,full_text_review
MuJoCo_G1_Controller/scripts/g1_mink_collision_policy.py,690f7acc0dbddbe39d1c2950eacd700510abfa890e4d871ae0f9f4d868980f6a,27,python_ast_pass,,full_text_review
MuJoCo_G1_Controller/scripts/g1_mink_command_provenance.py,b852ec80fc678f11bf0c4f827b18edd1be0af7ad2913de2a5ffc19c448bc6d90,37,python_ast_pass,,full_text_review
MuJoCo_G1_Controller/scripts/g1_mink_diagnostics.py,a3b8dbe9cd278a6a9cde06ea1efeb9f1bd5c87c47f70d130cc3da90fef8b731b,10,python_ast_pass,,full_text_review
MuJoCo_G1_Controller/scripts/g1_mink_feasible_target.py,0284be10a075c913b7bb7a1f5f046b7cfd5b3742e8afd8415ee97c82a919bcb2,426,python_ast_pass,,full_text_review
MuJoCo_G1_Controller/scripts/g1_mink_trajectory.py,b33313c5d0194c834838de73217de133d125560ae247f6d082f6df95b25a50a1,121,python_ast_pass,,full_text_review
MuJoCo_G1_Controller/scripts/g1_right_arm_common.py,a682abf803e0548b5805939df24646a613368e556f6b7494076f1be5c2862574,425,python_ast_pass,,full_text_review
MuJoCo_G1_Controller/scripts/g1_standard_mink_planner.py,7d6cb78dbfb2ef488897961c4c2e4fff68cd64add7c5bce02b3c9e675210f784,81,python_ast_pass,,full_text_review
MuJoCo_G1_Controller/scripts/g1_virtual_center_tasks.py,bbc2878897817335d88447176ee1d2dea500fd2582fef5540133e66a8e123848,267,python_ast_pass,,full_text_review
MuJoCo_G1_Controller/scripts/run_mink_g1_right_arm_prototype.py,bc391176d773add77c6586e3020f1f0e17c1f80be423aaaa52987cbfe7eca539,913,python_ast_pass,,full_text_review
MuJoCo_G1_Controller/scripts/run_mink_g1_right_arm_prototype_entry.py,aebdd2dc962a68733ecd26d83eaf854a62139fc0c3ac7179c906283f23d5c05b,20,python_ast_pass,,full_text_review
MuJoCo_G1_Controller/scripts/run_mink_g1_right_arm_virtual_center_live.py,05e4e716a8e60c13143c7934360ab8d0a6563241e7fd5e59709a214b575382c4,895,python_ast_pass,,full_text_review
MuJoCo_G1_Controller/scripts/run_mink_g1_right_arm_virtual_center_live_entry.py,d1983100a9dee69e6389dc68cb66629af3ac1b1e08283f643ddd63e0679d689e,19,python_ast_pass,,full_text_review
MuJoCo_G1_Controller/scripts/run_mink_g1_simulation_312.py,dc8d6837c9cd3d7a14a15b070d8a887c0204b6e6833cb8cb61822bdd6b299d79,58,python_ast_pass,,full_text_review
MuJoCo_G1_Controller/scripts/test_mink_command_provenance.py,7819cd59119e9ce4e34648a96e0e2c94fcc20554a223373b5605afee72ffc8bc,101,python_ast_pass,,full_text_review
MuJoCo_G1_Controller/scripts/test_mink_wrist_frame_contract.py,30cc0d077b665e82616ad4ea0d6a84fb705bdbc195b3841101fc54a9873b5c6d,99,python_ast_pass,,full_text_review
START_MUJOCO_ONLY.bat,bbbad8c0c2ce68b7ef0061f38fbb054a021a9b8f1a90b5966416d8d726745d3a,55,text_read_only,,full_text_review
START_VR_HAND_TO_MUJOCO.bat,0808c265b92a3b82c803bd5757f4a2ddaf31a19e66a7a64c69b5e48ed271cfba,309,text_read_only,,full_text_review
START_VR_HAND_TO_MUJOCO_VANILLA_MINK.bat,7bfda72adff1172ba33aad5c7729bc0d120d99ec06e4b25fdeb25ece07eea368,33,text_read_only,,full_text_review
START_VR_STANDARD_MINK.bat,1d903fba29c237c82e44dc31436fbbaae6c7cc6e831fe62a98b13c0d381dee0d,5,text_read_only,,full_text_review
Unity_G1_VR/Assets/Editor/G1ExistingSceneSetup.cs,d3aa9d45c92ae0540642608d08665a9dda0b7203540a271d78f5831900dc4d12,430,text_read_only,,full_text_review
Unity_G1_VR/Assets/Editor/G1MinkFkParityValidator.cs,3a842c8567a36adf43ebae2b0c672f28a1a8c4cf9751c925f7298d400d4ca5cd,134,text_read_only,,full_text_review
Unity_G1_VR/Assets/Editor/G1OfficialModelImporter.cs,0cc491e3db1bcce6be138957bdec38c95bb4e025de3887237927fce35c00c7bc,591,text_read_only,,full_text_review
Unity_G1_VR/Assets/Editor/G1TeleopBatchValidator.cs,091cb87249c3973162160252b844663c42e0700af6a804bd7c99f9a862a1d550,607,text_read_only,,full_text_review
Unity_G1_VR/Assets/Editor/G1VRBuild.cs,0132defcf35b04831f286a5e067212daf52bc273d729a97bb82cf3b16ee57e9f,67,text_read_only,,full_text_review
Unity_G1_VR/Assets/G1Teleop/G1ExistingHandTargetBinder.cs,5f73a74bee4b62cdfedd5dd168485043d6966bd60454f465bb4da0c4f23ee404,900,text_read_only,,full_text_review
Unity_G1_VR/Assets/G1Teleop/G1ExistingTargetUdpSender.cs,b976a72f1a16d1b7c02a011262f8b49dfcdcf025210204e871c480ebde8e1549,523,text_read_only,,full_text_review
Unity_G1_VR/Assets/G1Teleop/G1HandUdpDiagnostics.cs,40a96eb5264c3735c4e73513beda84c98e3197e7e28307e214d67b2fa6cdd584,98,text_read_only,,full_text_review
Unity_G1_VR/Assets/G1Teleop/G1HeadCameraPiP.cs,295e2c47e0d24e5503060c268fbf4458c0a14623b6f907d345897c4f114fcc78,646,text_read_only,,full_text_review
Unity_G1_VR/Assets/G1Teleop/G1HeadLockedCamera.cs,7373a9492fc60800e4d364a3b66e20ae14db9dc357c24e9c7841b0505e41e484,265,text_read_only,,full_text_review
Unity_G1_VR/Assets/G1Teleop/G1JointNode.cs,93bf9cf822c37d2cee902dc5327fef9069d64e103b21708d6b5556e7df876040,18,text_read_only,,full_text_review
Unity_G1_VR/Assets/G1Teleop/G1LiveTeleopTrace.cs,05cd0f96c8c85b468edaf38fb72259e28fec14ecf493c22a50659e92df7e04fe,280,text_read_only,,full_text_review
Unity_G1_VR/Assets/G1Teleop/G1OfficialRig.cs,db28be0dcd81fcb978dd62eaa933bcd4217d6f16cbc54f21386cc0b13fb1f8c6,375,text_read_only,,full_text_review
Unity_G1_VR/Assets/G1Teleop/G1RobotStateUdpReceiver.cs,f5aff63a7db3343a41e824d26d763aeb700ff8f9754e5670fd4b336a7474af59,777,text_read_only,,full_text_review
Unity_G1_VR/Assets/G1Teleop/G1UnityRightArmPreview.cs,b9e213ae08883d670e8cd9738cd630fdeebc4d9e2ec6bdd1927a9b22f068af01,963,text_read_only,,full_text_review
Unity_G1_VR/Assets/G1Teleop/G1WristSourceCompatibility.cs,3124aab0e080608df3f28802fdb48d66b45bc88e9e86d7bded8c7be0a4c269ae,50,text_read_only,,full_text_review
VIEW_IK_COMPARISON.bat,862667f3fe95fbbbd09d16a382ebab15a1db5a2fba51233dd2540ab05bc5d0aa,19,text_read_only,,full_text_review
VIEW_TRAJECTORY_AB.bat,01a1ebf2806701959f6193f998ac5578e82c53638c33d56938065a821be4c58d,14,text_read_only,,full_text_review
backend/g1_teleop/__init__.py,86664979265ce8bd365e2cd6edb5cf68b6a892011b3108d077d3e5f31f81c648,101,python_ast_pass,,full_text_review
backend/g1_teleop/calibration.py,a2aefc7d8a108c5a1206a04d2e0aef23461076757aa4b9cb3f1e5616fdcb6ce2,363,python_ast_pass,,full_text_review
backend/g1_teleop/camera.py,b3ce4be392b77d1437e78093e129046b6d679f41f11562401637bfd90244321d,314,python_ast_pass,,full_text_review
backend/g1_teleop/camera_factory.py,097bd1a6a72dd6d2ff6381283477ca30304fcb3f0d05817409a542aae5a4ae7a,103,python_ast_pass,,full_text_review
backend/g1_teleop/command_adapter.py,eb251eba6545ca26030bc8902b8272f059f03be09642f71be67a4f7a56899c91,182,python_ast_pass,,full_text_review
backend/g1_teleop/config.py,4cf11c8fcacec394fe34016b57cec080aa52ed5f1c594d86cf21c55d210cd059,240,python_ast_pass,,full_text_review
backend/g1_teleop/g1_camera_mount.py,eac56096d9a502fe606eb1b00165d2b6c241ec917b9ff12398b4dc2329d55ead,60,python_ast_pass,,full_text_review
backend/g1_teleop/gate7_simulation_feedback.py,89aa873e72b09185900eaaabe6a72638f01702c9807a92bf841a74a2fb989acc,153,python_ast_pass,,full_text_review
backend/g1_teleop/inspection_contact.py,8241c3028ba3bd00f752a1f13e43f3473e6cb3ae33d7aff0a9eef9ebfcade1b4,161,python_ast_pass,,full_text_review
backend/g1_teleop/inspection_demo.py,92a6711f44971c3bcbf7aef12ec9d4f5ce6dc5fb880e4d1f3ea0531ab4eb0dce,159,python_ast_pass,,full_text_review
backend/g1_teleop/live_receiver.py,1d02a4ee903af06af13d292f7fece74dad80b38078895cc4788f46347c3f02c1,136,python_ast_pass,,full_text_review
backend/g1_teleop/mapping.py,5166bfed687695a9acdb593c4db43ddf385d9d0680df3115c546cfec9767615d,36,python_ast_pass,,full_text_review
backend/g1_teleop/mink_command_stream.py,d0dea7baca9fe9860c26d7e8e7470e50a4ac31b88835fb98958ae94b10f9156d,203,python_ast_pass,,full_text_review
backend/g1_teleop/motion_reference.py,cef1334bbb005ec48bd2cb1de5f66f20d9889e64675e6030ca8aaba24c0d2c25,64,python_ast_pass,,full_text_review
backend/g1_teleop/protocol.py,9ade9295e9eb09f86fe60a7705d779ffd06aad018664f8891c2838160f897ecf,370,python_ast_pass,,full_text_review
backend/g1_teleop/runtime_state.py,43b826597eb44757e99e7ab358a0386bde85d0888b2f199cd565471a27285656,91,python_ast_pass,,full_text_review
backend/g1_teleop/source_provenance.py,4e152f262150c09c9a8fbd20b55c8a546bff30d679180a6a98e47cd647e75122,135,python_ast_pass,,full_text_review
backend/g1_teleop/transforms.py,c9b42fbaf14662bb89396ec2591a24c2898df44cade94ff52be37107baaaecb3,243,python_ast_pass,,full_text_review
backend/g1_teleop/unitree_image_transport.py,047f9078051c7fd1175a6ba4cadeff5a0363f45aa8af0070f828fafe65492ec2,111,python_ast_pass,,full_text_review
backend/g1_teleop/watchdog.py,e72fcea42d147cf21eb865466aed0a53a67f54544ee34317312ff52566f61750,227,python_ast_pass,,full_text_review
backend/tests/test_batch_failure_guidance.py,05e261289c21b36c4ebf4877378ba9a1a84013da98bc1c993fe1edacad09fab2,70,python_ast_pass,,full_text_review
backend/tests/test_capture_output_isolation.py,26ddd4192a13c822e872bd43f679977fcf011baed0a491f4e0fac83431ce7a87,67,python_ast_pass,,full_text_review
backend/tests/test_code_index.py,bfd86a963b9d72d4c562035dfd50a112b7e1ac9a4e70f942f4240be09e09433d,42,python_ast_pass,,full_text_review
backend/tests/test_dds_firewall_rollback.py,dfd424d7ff67276a8c60d538761e072b2fc1a132c140a2d7c23a39c878ec282a,128,python_ast_pass,,full_text_review
backend/tests/test_diagnostic_exit_contract.py,e59e6f7055bdd1ef93169990b11607b1b5814fe4ee74d49018b05353ddb19069,340,python_ast_pass,,full_text_review
backend/tests/test_ethernet_dns_transaction.py,6e24eb4209e892871758fe5bf74456b1a8477c158b20bd0b82c23dc0424f5380,77,python_ast_pass,,full_text_review
backend/tests/test_ethernet_transaction.py,9842519e48780490084852b17560f0cf7c35d4b79a30df386900110291beee28,105,python_ast_pass,,full_text_review
backend/tests/test_feasible_target_return.py,9613b3617f2295097d9ec82cfee4332753141616871616501627ff2c89e8f56c,79,python_ast_pass,,full_text_review
backend/tests/test_foundation.py,a2be064681ae2e30ec7a4af414383c2209da89687e922f35bd129b3107bc0dc9,380,python_ast_pass,,full_text_review
backend/tests/test_gate7_mujoco_feedback_receiver.py,80e7ce430b162231077bfd85090470ea60c19546a94768c8da18c85f4a74701c,120,python_ast_pass,,full_text_review
backend/tests/test_gate7_simulation_feedback.py,fc81a75e405d6bcc26506d77d6d0e3a74a0aff3558a0632d7199c17f317fce52,89,python_ast_pass,,full_text_review
backend/tests/test_ik_visual_comparison.py,8310646fbe68d3e858bcce66b2fb39e363ffdaf2456f55848119833c956b326e,112,python_ast_pass,,full_text_review
backend/tests/test_inspection_contact.py,8029e94d123e81bf042f0316e027c6bb1fc13fca748bb4fdfc1167422a8f045c,67,python_ast_pass,,full_text_review
backend/tests/test_inspection_demo.py,bcbbbeecca0bf5037d561aec6df9df4ccee9080373544b13144a457adf9f5178,74,python_ast_pass,,full_text_review
backend/tests/test_live_receiver.py,b1f1f90f6d4362b7195210551d6f84c1bd32cad0241868b00dccadae537f6016,243,python_ast_pass,,full_text_review
backend/tests/test_lowstate_firewall_scope.py,8b0d1836d46ed0b5ce6e5c19106f7daf7a61f03c1be9a4c17de7076296b81bdf,112,python_ast_pass,,full_text_review
backend/tests/test_mink_candidate_benchmark.py,f756206deec9bcbbe35b98763cca07ecc53c6621b3ca16528a2a23f1e39d4061,383,python_ast_pass,,full_text_review
backend/tests/test_mink_collision_diagnostics.py,23ac337983c7256b9a3b3a2555e3f13da7e26fd7233018738f4f420f59789ed6,205,python_ast_pass,,full_text_review
backend/tests/test_mink_collision_feasibility.py,56c40659ba98f6811a78cf8fe4b60b2606a6789814876db15872cc7b0f67dcce,129,python_ast_pass,,full_text_review
backend/tests/test_mink_command_stream.py,1fc5b8f3813128246824daa216ab90bd3a67258ba34390ac6226a356c692fdbb,272,python_ast_pass,,full_text_review
backend/tests/test_mink_distance_invariance.py,3dc5048606a4ad9bebe176e8dd68dc7c680809be53fc2fdbe54df101b1cc91ee,120,python_ast_pass,,full_text_review
backend/tests/test_mink_feasible_target.py,4b022bbbf9c774123e0b12b3c377b8013d1bd762a977b00c8a10d0ac4f2c9a65,459,python_ast_pass,,full_text_review
backend/tests/test_mink_reachability_limit.py,d3feecf0bd93402a88790104d53faf714ef58429540a1358f2534eeba6b3e459,33,python_ast_pass,,full_text_review
backend/tests/test_mink_runtime_refactor_compatibility.py,b5030515059f3bc4e16d44b8c8f1b1291f60c0c64533d57738d8827e3328722d,71,python_ast_pass,,full_text_review
backend/tests/test_mink_stateful_trajectory.py,c013b386564d2dcf9e94aeb225912fbef3d22e1ae716b61e51f55d2a4bc3bd98,82,python_ast_pass,,full_text_review
backend/tests/test_mink_step_acceptance_comparison.py,1c0f38e0cdf5716e967113ae99eec24100d8c4b1c98ef0ff1108d573ac162332,503,python_ast_pass,,full_text_review
backend/tests/test_mink_task_cost_contract.py,62ece4cc748842ce6d68683ace4b690c365cfe8f124ff90430d2f1679fa6946b,47,python_ast_pass,,full_text_review
backend/tests/test_mink_tracking_lag.py,934ed801dfdc7d57dc6d452a8c7e54f2ea7ef38a79a85173f96804a0d6b1a3d4,60,python_ast_pass,,full_text_review
backend/tests/test_mink_virtual_center_trajectory.py,b237161d44d1b448fefd1db257e0c819176e089e9698f008ce9ec8ebd794703e,212,python_ast_pass,,full_text_review
backend/tests/test_motion_reference.py,1003f5d2d186e02efb91df2e33de2e23d1598aedbba110f0bcb6dc4f9d1ec8b3,52,python_ast_pass,,full_text_review
backend/tests/test_mujoco312_simulation_entry.py,31e90c3662e5480cc5d2ab9473fe6550860a37bff0111765d764673e7fe8827e,97,python_ast_pass,,full_text_review
backend/tests/test_mujoco_control_math.py,87ba04dd2d7db8d81e8348d91d926c8c49b5bcbf23dd320bdb0f25c154894991,43,python_ast_pass,,full_text_review
backend/tests/test_mujoco_inspection_scene_visibility.py,5d8672ed9a100f8c308bd1f2699904468e93062541815e7156a3002a02b5f36e,75,python_ast_pass,,full_text_review
backend/tests/test_offline_model_isolation.py,883b5eecafb5282b5485f812e8cb7e3d5b351c90608ca8383d224ac5ef950d6f,594,python_ast_pass,,full_text_review
backend/tests/test_protocol_v2.py,4853abfbd76f23eb93eb616b850235d6926ed4d9554c65731e754ba98d19dcdc,196,python_ast_pass,,full_text_review
backend/tests/test_recorded_ik_hierarchy.py,c4fd8d4dd8f685eb03889b71d47d2ddbc0d555e74de5eb6036c41dd03d2a1e98,174,python_ast_pass,,full_text_review
backend/tests/test_recorded_pose_speed_comparison.py,f667723f00c9c423ae04e000c038ea4c7b3ebfdef38057853cefbca4cadde0a7,61,python_ast_pass,,full_text_review
backend/tests/test_recorded_reach_bound.py,545d9f3fb9bc193fc5747b7cf51deab573abb2847710f9efe8cdeb96717d1565,140,python_ast_pass,,full_text_review
backend/tests/test_rotation_trace_analysis.py,01223e7fd2565d2f8bd600182897a10c9a21d8395386b315797da7c6d6639491,83,python_ast_pass,,full_text_review
backend/tests/test_runtime_architecture.py,e39e40892b1e308ee1b3b848871c39744d5014c6fc328155544687e6be2c43b2,62,python_ast_pass,,full_text_review
backend/tests/test_source_provenance.py,a49810e1a73ce61d09a16c23637bb5151000d410d15831f585de2bdb116f4744,123,python_ast_pass,,full_text_review
backend/tests/test_standard_mink_live.py,ea61cbb0e11fb255369d4de53d6640c4ade345e1c74146e11bd695b8e96231e8,171,python_ast_pass,,full_text_review
backend/tests/test_startup_ready_pose_editor.py,9ef3c18fabae8dc6ecdc64aa8c8483314ec0c4c292300ff91dff7b832ad81cde,75,python_ast_pass,,full_text_review
backend/tests/test_synthetic_ik_cases.py,456828d7ecfee868913f46691623a003d610384f256666764cb4c808ede8240a,194,python_ast_pass,,full_text_review
backend/tests/test_teleop_config.py,54349f1dcbcad201fdea92c20cf246676ac62c3e8a5bc6a379552ca0ce6609c9,154,python_ast_pass,,full_text_review
backend/tests/test_trajectory_ab.py,bf7d34f8b1f0d25b0bd451045db494b3cb89bda048256d8fbdf10f62afdb3b58,57,python_ast_pass,,full_text_review
backend/tests/test_unity_display_mode_launcher.py,d14e1956fd6e0eec42360d817eed2ad979b04d013d00935007d1e54abde12f58,43,python_ast_pass,,full_text_review
backend/tests/test_unity_workspace_policy.py,6c1c6feaeb62527ca4041da15d33c74950902f4d9398f34e85af1d61479cfba6,252,python_ast_pass,,full_text_review
backend/tests/test_virtual_center_kinematics_regression.py,3b6fd2ba628cd68db574293be579e70e06f47716330f90d36f7bd1cdfff3d961,96,python_ast_pass,,full_text_review
backend/tests/test_virtual_center_orientation_policy.py,81a125906c62254b564a5940983ca09152dc0db85ac9d3a543ff3ac40cf63de6,136,python_ast_pass,,full_text_review
backend/tests/test_wrist_target_mapping_audit.py,4c7b69cdb5a91c754817cd0e028baed54bbbeb5c9f023b4bdd877dc933c1f784,50,python_ast_pass,,full_text_review
backend/tools/analyze_rotation_trace.py,bee05da32cd21ced28fe371018cab0440db1911ab5204d1bf3f0e24f26d6cbd5,95,python_ast_pass,,full_text_review
backend/tools/audit_wrist_target_mapping.py,7a637d7a6e1f4ced37bf165890d1f62309ab5f80572455843b0be6b11f7aac47,180,python_ast_pass,,full_text_review
backend/tools/benchmark_mink_candidate.py,d11bf9af2ed74863b15b0e32b31bf082af79e867d468f2b75c4b357ad60ce8d5,274,python_ast_pass,,full_text_review
backend/tools/benchmark_mink_rendered_replay.py,3c3b8b1a6e77fd87feab785e263b9e197e31fefd90af47ac913ae0c83e9075ed,316,python_ast_pass,,full_text_review
backend/tools/build_code_index.py,bae8666a7a4dbfba3c256bf4c0db0f7f98d5edcf24b0b38dd470021fc20dd117,121,python_ast_pass,,full_text_review
backend/tools/compare_mink_step_acceptance.py,297847c0c72063ec1ac26cc9bbbf5960e46d016cbc95a02fd3a3a452d8789233,774,python_ast_pass,,full_text_review
backend/tools/compare_mink_trajectory.py,1b7ae7b09310981fb51e42e59a54d18d7fdfec9ba9b7b53acaed039486a29ec2,130,python_ast_pass,,full_text_review
backend/tools/compare_recorded_ik_hierarchy.py,ebad66c86e773e6e2e1c7d9ec79278e6ccf1b5ab981c30de6318fd284da991a5,289,python_ast_pass,,full_text_review
backend/tools/compare_recorded_pose_speeds.py,20e5bb9f6880ac149b2634a9858bab4c9466ebab36eb0b367de7494b26420731,116,python_ast_pass,,full_text_review
backend/tools/compare_synthetic_ik.py,c1074d7940d7ed75e07dd9b71b4effd029c4b7dfce741f43da5ca1a9ceb121d3,298,python_ast_pass,,full_text_review
backend/tools/diagnose_mink_collision_feasibility.py,4971628c3917d1a53a99620af5d5fce60185a0410aa03878fc8c07c6ba915b36,282,python_ast_pass,,full_text_review
backend/tools/diagnose_mink_distance_invariance.py,85ed5aa1eb7b22df66709373e3bf09d2c3c40addcc41590bb4b6a494062a4464,214,python_ast_pass,,full_text_review
backend/tools/diagnose_mink_tracking_lag.py,cb0331fae08ec92deb2b06e8dbb0cc271014e6b5cb6b5cf4f6472621c45c5b30,189,python_ast_pass,,full_text_review
backend/tools/diagnose_recorded_reach.py,6176af6d366d8410e3ad6cef683e21056f45c45ab4df4f1b458e41016a779c62,123,python_ast_pass,,full_text_review
backend/tools/inspect_feasible_target_return.py,75f6671e6d8f7d5022eea99276321235b9b05390f61031565b5678699fb83a58,194,python_ast_pass,,full_text_review
backend/tools/offline_render_worker.py,02d2d4eca5b854bd03919d17cc264970686f10ed7bfa34462dda2032cfa6b9db,193,python_ast_pass,,full_text_review
backend/tools/reconcile_review_ledger.py,91ee37c20ba9cba7a3f1d8c06f58debac6958fe2e29522aba5510b5429403861,176,python_ast_pass,,full_text_review
backend/tools/verify_camera_simulation.py,fb906d515a540259a2df4c8ab094ac87be20ff6149211967acde36cc08f39c37,271,python_ast_pass,,full_text_review
backend/tools/verify_feasible_target.py,c8949581faefc5a7226d81867716a2066b6db86bfa41e9f802229eb063f662db,137,python_ast_pass,,full_text_review
backend/tools/verify_unity_state_packets.ps1,b447591f70262cbe655aa76581509a9ffa2cc5f8f906e512e7b249a9c8a7a364,149,text_read_only,,full_text_review
backend/tools/verify_virtual_center_kinematics.py,2a90bb815370e2963376fc10d016638833dff36fcaf1cd5093d1e821064e2b3c,269,python_ast_pass,,full_text_review
backend/tools/view_ik_comparison.py,da895fd24a9f20ddcfcdb9e3e09478062b56a85be2b638ead76dda35c3e74324,358,python_ast_pass,,full_text_review
config/camera_profile.json,96583ab700692f3ecf4ef9a208b007d41d24dd36a39a3005a29a1c339ce31adb,42,json_parse_pass,,full_text_review
config/g1_gate6_hold.json,32ea9e5f0223aea2b3b49918b0ef27699ba5745ec751860bb4ea7e711bbfdeda,31,json_parse_pass,,full_text_review
config/g1_gate6_interrupt_release_test.json,02040744b4fc9c7c1bf642e14b0ae6e4a30b900273d5112df4bbf0b57b46a1c1,31,json_parse_pass,,full_text_review
config/g1_gate7_first_live_hardware_output.json,e34cc263326e5876d41219238269126bf5a7d5c5a3cf1223ab6b6724915dae3d,33,json_parse_pass,,full_text_review
config/g1_gate7_first_live_mink_arm_sdk.json,44fa4ecaff393fb56ae642e419e698e28269ab904a7eae58cc440d41b31af16f,20,json_parse_pass,,full_text_review
config/g1_gate7_live_hardware_output.json,5e91cd5adcba9d50b5a14aab9687cc509648e4417c1ffbb779f204847a7eaf84,33,json_parse_pass,,full_text_review
config/g1_gate7_mink_arm_sdk.json,4f1ab28f00ce4ac9b316fa06b6ace6f0c978585eed4b3f2f5591a4e67be39c9a,20,json_parse_pass,,full_text_review
config/g1_gate7_visible_motion_hardware_output.json,111d6a4c44a8dfaa359477ce3f4bd07f4aff1c73251259a821d50ddea48ea2d1,33,json_parse_pass,,full_text_review
config/g1_gate7_visible_motion_mink_arm_sdk.json,44fa4ecaff393fb56ae642e419e698e28269ab904a7eae58cc440d41b31af16f,20,json_parse_pass,,full_text_review
config/g1_regular_arm_pose.json,fc0b80702dfb736278a7e50b98d19577adc9d31ba8329974b03fb62f01c9ed51,61,json_parse_pass,,full_text_review
config/g1_right_arm_jog.json,b974a756fbe4114d6776a4943f302f4bc4b1876757de9347d9da3c1705a1145b,39,json_parse_pass,,full_text_review
config/g1_right_shoulder_pitch_full_authority_trial.json,916cedef6059cb2fe768195a3b2f27773026714c3192ff156ac280ab1ca46184,47,json_parse_pass,,full_text_review
config/g1_startup_precheck.json,3fca74fe17f7bd239fd53ba2b17536be7a5dc981030ec48118de6b5df02e1dd9,19,json_parse_pass,,full_text_review
config/startup_recovery.json,75e9a6d9be3aae04067692a618a6caa6de5016589e5aa711fdf1c8c5eee70473,15,json_parse_pass,,full_text_review
config/teleimager_real_d435i.yaml,c045d23990868471b04e88bbe38e593a1a394f3886b97c499211588cf09d3be7,36,text_read_only,,full_text_review
config/teleimager_simulation.yaml,8bbd691c574eb7871adca592937d866a66899443c54cd1909502e9e1f3ebbf74,36,text_read_only,,full_text_review
config/teleop.json,e3498304c8b47371ed5d539584971ab3689fd1f5c39477911ead0f118124685c,83,json_parse_pass,,full_text_review
experiments/startup_recovery_multistrategy/TEST_MULTI_STRATEGY.bat,c17f8f5e265c7efb8de46978a379ed5ae6533d0301426fe2a0ae8917cf9f86f9,30,text_read_only,,full_text_review
experiments/startup_recovery_multistrategy/VIEW_SELECTED.bat,07f85ccfcd9fd09b18b141a619e3b94c67597dc39e0cd7cb256fed1fa61e0ee9,26,text_read_only,,full_text_review
experiments/startup_recovery_multistrategy/candidate_runner.py,20b2e8d8ebcaaec4725a1a259dc2ab1f8588d4a9f582d669a236b4e85c032812,39,python_ast_pass,,full_text_review
experiments/startup_recovery_multistrategy/run_experiment.py,a3e6a8dec3ae8b6f5f5d4546f6247db195f6c2d4872d35753fe394f620da8f7b,248,python_ast_pass,,full_text_review
experiments/startup_recovery_multistrategy/test_experiment.py,c97dd80049c2a8d8e15f50d819deaf6461cd9df52e5dc042270043596d9511c2,87,python_ast_pass,,full_text_review
experiments/startup_recovery_multistrategy/view_selected.py,f277d289ab9eddd1457551d39670d3d416327fbb8ed92d04e3454cc5315e0316,37,python_ast_pass,,full_text_review
experiments/startup_recovery_posture_sweep/RUN_POSTURE_SWEEP.bat,1988bf538801a731de32a5845205b387cbf6bb5e1d7d8a5c7f2fb027ac610d8d,30,text_read_only,,full_text_review
experiments/startup_recovery_posture_sweep/RUN_STANDARD_POSTURE_SWEEP.bat,99106c99747b60e0ada37d6a754e4ae462084c80915178d06cdf498d84944709,37,text_read_only,,full_text_review
experiments/startup_recovery_posture_sweep/run_sweep.py,98cf3f8363a5de340803c82822b902fe31ac07eb0b0ce8c1d4b4273cc0aa5f5a,653,python_ast_pass,,full_text_review
experiments/startup_recovery_posture_sweep/single_pose_runner.py,a297bc767c17e7bc52161cb60ee0c5c4272cd79a07aae348ec11b19df681dd6a,62,python_ast_pass,,full_text_review
experiments/startup_recovery_posture_sweep/test_sweep.py,39510cd9add01e8adb04365c5d1c8e1d0002dea60a272e1942d5268569ed11ce,191,python_ast_pass,,full_text_review
experiments/twist2_right_arm_manual/TEST_OFFLINE.bat,53a20610cefbdf36644d77dcdcc346f9512f579e8f958b29555daeb4fc05af58,18,text_read_only,,full_text_review
experiments/twist2_right_arm_manual/VIEW_PHYSICAL_CSV_MUJOCO.bat,a4e2c141ef0408b85f6d5a2410907cedf9ed04542c0a7deb20a72e1d9d6bc6dc,34,text_read_only,,full_text_review
experiments/twist2_right_arm_manual/replay_physical_csv_mujoco.py,2d72f4abd74e1365766da803bb7665b51b4a68fbd3562f98c5686ac0a0626f21,219,python_ast_pass,,full_text_review
experiments/twist2_right_arm_manual/test_replay_physical_csv_mujoco.py,0de94441a4a5d048f8ee78962b0cd38aa7e4f5f398507997bf1784d2327f81af,81,python_ast_pass,,full_text_review
experiments/twist2_right_arm_manual/twist2_right_arm_trial.cpp,e61d8a3cf830f0481d8ed664b485d6d8a6cb539956ec9d5fcd6156eb08fcc09f,1205,text_read_only,,full_text_review
experiments/twist2_right_arm_manual/verify_offline.py,f23e6091c4ee1c15eda26f45c4f27841a602f1fa9039a3c5576cf6f1e12007dc,213,python_ast_pass,,full_text_review
hardware/g1_arm_bridge/arm_sdk_hold_contract.py,7096d037e98ead3189935864cf23d540ff73d2ef9fb37af63cf06da0e70b462f,364,python_ast_pass,,full_text_review
hardware/g1_arm_bridge/arm_sdk_release_contract.py,64072ef0df8b24c2f2ff37296e4c697cf7acdb449d6583c3bf662c14c451d754,138,python_ast_pass,,full_text_review
hardware/g1_arm_bridge/arm_sdk_teleop_contract.py,1e99e86a004f1a6975fefccc8d7d2ba7bf14ac8e41d0d1eeb08719df20ef26f0,873,python_ast_pass,,full_text_review
hardware/g1_arm_bridge/check_startup_readiness.py,58acd357a834717f48738ff655ec43612c365a2612e0c88f8f989a55825b7ec6,601,python_ast_pass,,full_text_review
hardware/g1_arm_bridge/check_startup_readiness_entry.py,77da5a14e8db746f36c1f9f588c93773ca9032631ee4a487a9d0aea67cb031bb,176,python_ast_pass,,full_text_review
hardware/g1_arm_bridge/diagnose_initial_pose_collision.py,311f7734032c18da8e90539f70e9c2fe8b8e5d99961da63b82bc2dfb9745e93a,304,python_ast_pass,,full_text_review
hardware/g1_arm_bridge/edit_startup_ready_pose.py,3fe368c521b9d57debe3332d99beeacbdcb97bb4687e43446c31b51e3e95bd4e,462,python_ast_pass,,full_text_review
hardware/g1_arm_bridge/experimental_stateful_gate7_controller.py,a93f2c85b9b15c228386adf31c8ae304a4007c8f69c7b6e047050ff1d2132075,29,python_ast_pass,,full_text_review
hardware/g1_arm_bridge/g1_base_state.py,11c6f8e1e985788572d64e793710eed1d2a4b1360a9c3c3c9c027fdeb0f12fa3,212,python_ast_pass,,full_text_review
hardware/g1_arm_bridge/g1_camera_replay_tcp.py,70aec2811f81a792b5f9a938264cc4550b28a77c7179af322db4da3964e65bf2,321,python_ast_pass,,full_text_review
hardware/g1_arm_bridge/g1_camera_tcp_bridge.py,f541d41746784729173bbda578a4201cdcc664e5e9411bb8bdc91653c4768f98,211,python_ast_pass,,full_text_review
hardware/g1_arm_bridge/g1_joint_contract.py,bb33790cb1af9e5d4d5b4af92ea03cf78e80fd1b5fb2ebf64851058a7cee09ab,39,python_ast_pass,,full_text_review
hardware/g1_arm_bridge/g1_right_arm_jog.py,e323255f4810cf2d0ebaa95d57718ee5ac4925923c509c5df60c9fe679d0b70b,1284,python_ast_pass,,full_text_review
hardware/g1_arm_bridge/g1_right_arm_jog_entry.py,fac8801820e7b875c5352872db9c94cd6659c63c7982ac90f793bdd865eb3688,234,python_ast_pass,,full_text_review
hardware/g1_arm_bridge/g1_unity_state_bridge.py,4d820db4d806f6d8e14210dcc4e0b84f43aaf345e211336ebe29dfd488b6ae7e,224,python_ast_pass,,full_text_review
hardware/g1_arm_bridge/gate5_lowstate_safety_monitor.py,1081cdcd9e21933cf353d62b83ff5f6f065816458db27909c68e1e74d184bd6d,803,python_ast_pass,,full_text_review
hardware/g1_arm_bridge/gate6_arm_sdk_hold.py,c364ba2eefd436d30a2d5e41d1e7386d52bcfdd1b05e4ebc26fa5903a4cf2574,870,python_ast_pass,,full_text_review
hardware/g1_arm_bridge/gate6_arm_sdk_hold_entry.py,2a8dcda852e6ba5ce90aacfbaf04da6a0d00292755703ed26c5ae75acc95dc19,72,python_ast_pass,,full_text_review
hardware/g1_arm_bridge/gate7_acquisition_guard.py,d7dcaf61ae8aa28d141b6c910ff2ecbf564d19b968fb02fb4981217374500f60,126,python_ast_pass,,full_text_review
hardware/g1_arm_bridge/gate7_capture_mujoco_replay.py,c435dbe3019a7aaee24585129f03dc77eb6b80ba1b04813cb5aafdc7269a1954,268,python_ast_pass,,full_text_review
hardware/g1_arm_bridge/gate7_capture_quality.py,a11c586372eb0ad95630ab8d122156e75f28b6bb58084f956b9a7813bb2b2f15,876,python_ast_pass,,full_text_review
hardware/g1_arm_bridge/gate7_capture_regression.py,6ea4853ec628af0674e73549e5f69941ff673b06861938075e3a0ac7cc15dbb8,217,python_ast_pass,,full_text_review
hardware/g1_arm_bridge/gate7_fault_injection_matrix.py,46f4cef501a39da5e80c38c6e4b2df7515e172846d5957f48a88fa03ef04c4c1,317,python_ast_pass,,full_text_review
hardware/g1_arm_bridge/gate7_hardware_virtual_e2e.py,ea6fd0e7b5ae63db5351bc9bf8a5a8a16a6dbba73be2f04ca42d7dfd8b6d8627,372,python_ast_pass,,full_text_review
hardware/g1_arm_bridge/gate7_live_arm_sdk.py,ea971a23d1ba13cce7c2b4edba56851fe1b4a4aee66e5ce5e3fcaff997f5cfe5,869,python_ast_pass,,full_text_review
hardware/g1_arm_bridge/gate7_live_arm_sdk_entry.py,30914406d1e9a0aa035659c25219513fb74e6b71b37fd47a36020cebd3d04e70,268,python_ast_pass,,full_text_review
hardware/g1_arm_bridge/gate7_live_dry_run.py,c23e7372b0d12bcdbf0ee66d8f54fc9ef99d90d3a8ced33085cf92db7af5909b,743,python_ast_pass,,full_text_review
hardware/g1_arm_bridge/gate7_live_safety_guard.py,c89e7f456590a19efb7072515d752cd392a2fe1a9776360d133dd835a96733dd,120,python_ast_pass,,full_text_review
hardware/g1_arm_bridge/gate7_mink_arm_sdk_offline.py,ef06e79986528ecf3b52856a8680ee1b024b3710834468c33490a8687c1c355e,515,python_ast_pass,,full_text_review
hardware/g1_arm_bridge/gate7_mink_capture.py,9afa91a55ee04caf0e2306a428fb36d17581adf04c5d20d3d0a0ecf4d868c097,149,python_ast_pass,,full_text_review
hardware/g1_arm_bridge/gate7_mink_replay.py,60e2e3c2814f08050061245eb8cfa379b9173fa520950c86200af5538ee281fa,152,python_ast_pass,,full_text_review
hardware/g1_arm_bridge/gate7_mink_wsl_relay.py,88ca395aaf3441c8cb5a0c28fbc7e722a63f941152141b1082f99b2f64c06705,216,python_ast_pass,,full_text_review
hardware/g1_arm_bridge/gate7_relay_provenance_guard.py,d05ece716376dfde53ee17b92ad2748692c3b7c95aa0e4a42a206218670bb1f3,170,python_ast_pass,,full_text_review
hardware/g1_arm_bridge/generate_fake_mink_targets.py,eeb5c6e0e331799be08c685d708a90c63ded2847c11eacdc6c0bd1fe608879dd,117,python_ast_pass,,full_text_review
hardware/g1_arm_bridge/hardware_state.py,81f126c94061a310e79fa8f7abd4f17166966f8d10effc14a4b7823ac7251725,91,python_ast_pass,,full_text_review
hardware/g1_arm_bridge/live_lowstate_mujoco.py,58c291775bbc7d0e37172bee899c64ee83357c674f7d2cf02a93dd44460a1088,652,python_ast_pass,,full_text_review
hardware/g1_arm_bridge/lowstate_health_guard.py,c8715c8899a3248f56f28fa6aff62502307ccd22e2e40fec68c9f26805b9478d,119,python_ast_pass,,full_text_review
hardware/g1_arm_bridge/mink_target_dry_run.py,372002c8b23c8dcfa755c2218f92f8351839de534f15ba63c864ad29e418546f,127,python_ast_pass,,full_text_review
hardware/g1_arm_bridge/plan_startup_transition.py,5f5cfd2b7f3174d211167962be78e37bad7ac09f7a38f0d35a824b51f4d2b1b6,686,python_ast_pass,,full_text_review
hardware/g1_arm_bridge/precheck_provenance_guard.py,aa8fbdd33530a2d90d996541ee2ff1caf7c5e363306df1d7ca665c9bc5083d77,39,python_ast_pass,,full_text_review
hardware/g1_arm_bridge/probe_joint_motion.py,6b43271de626e30a26370a753c47584d0eceb61164cb8f59c617f061ce5888b3,177,python_ast_pass,,full_text_review
hardware/g1_arm_bridge/query_motion_mode.py,d86bc3ea68ba8078d17c2282820a2c6da20ab9712285398ed78eb7317c9f1255,110,python_ast_pass,,full_text_review
hardware/g1_arm_bridge/query_motion_mode_wsl.sh,19cdf20977144d597b1120f7ddf59eb968187d89ba7cff7bd69079f3db0920df,24,text_read_only,,full_text_review
hardware/g1_arm_bridge/read_only_lowstate.py,bfaef913f78622129810bb325073fb2e35c9ee76b9d8f05a779d8fae8e3d0fd3,563,python_ast_pass,,full_text_review
hardware/g1_arm_bridge/read_only_lowstate_entry.py,a38ce663d0198548203f2d664f463bf6ab6068e26b832ba02b73389b4ba5d69b,154,python_ast_pass,,full_text_review
hardware/g1_arm_bridge/receive_initial_state.py,4285ba83ada239c0eb5f93f699895892faa3a28e4032f95e59628f9c3784f5ee,199,python_ast_pass,,full_text_review
hardware/g1_arm_bridge/replay_saved_lowstate_mujoco.py,a869fd552b3d2943c198f251b7340f61a353faa78639beefb987cec888bc05c0,354,python_ast_pass,,full_text_review
hardware/g1_arm_bridge/replay_startup_recovery.py,a1e8b1cdf65232fa25af037e9a9b35affd3a7cdccd2d04fb544b61d450e50f2b,186,python_ast_pass,,full_text_review
hardware/g1_arm_bridge/right_arm_jog_contract.py,83f51c0a80df776cb982beb7ac40199512b7d8b45ea6a67e8d5dddb4915ca7dc,194,python_ast_pass,,full_text_review
hardware/g1_arm_bridge/right_arm_jog_safety_guard.py,0be6e55cfd49e5ee227066df367eefe958f65402d7cbb20151d751810e407a76,92,python_ast_pass,,full_text_review
hardware/g1_arm_bridge/ruckig_gate7_controller.py,dcc46f5329c78d795e5d5ca3bc2043c9806e3ec1f88be42062dfa19338659ab3,121,python_ast_pass,,full_text_review
hardware/g1_arm_bridge/ruckig_joint_motion_limiter.py,cb2102cd76c2a07f72dd4cbedd2533314bd84b4ab4c273f91a45d0a2cd60290b,95,python_ast_pass,,full_text_review
hardware/g1_arm_bridge/runtime_base_state_guard.py,9f18160074484a3a4f90e5595f0fb9189f9809736d3543b6364cf438fabe541a,316,python_ast_pass,,full_text_review
hardware/g1_arm_bridge/safety_gate.py,20d483a19afa9ad41d7654857040de72167b863fe2e7991c109ab9a404c4a00c,149,python_ast_pass,,full_text_review
hardware/g1_arm_bridge/simulate_startup_recovery.py,95e0d81f039abbd31c4c6d15d86d89c3eb1c0cd537d72ceb151d5ee4c2b8d3f7,1181,python_ast_pass,,full_text_review
hardware/g1_arm_bridge/start_camera_tcp_bridge_wsl.sh,fa0ef501c148f47b001bcd0c6a8f0ad9c8dc0502cc6790e405b2eff25b9da09f,26,text_read_only,,full_text_review
hardware/g1_arm_bridge/start_gate6_hold_wsl.sh,02803d8b764ffcf6856b33d6d7ef99b49dfbe61c5286103c7b7bc14d3f49cfde,24,text_read_only,,full_text_review
hardware/g1_arm_bridge/start_gate7_live_arm_sdk_wsl.sh,1040c430ca14d4d15f53e0b2470240b173ff1e0a58fa08c461316f258067f9f4,29,text_read_only,,full_text_review
hardware/g1_arm_bridge/start_read_only_wsl.sh,09de003deb878e334f9477087b09cb4f37814f5d5a8533f9cabb3f034a722d8a,22,text_read_only,,full_text_review
hardware/g1_arm_bridge/start_right_arm_jog_wsl.sh,bf6fc5424ee2dc06bfdecf54bb7cbbb081de426e25a17ac72a0c2109eed4fac2,24,text_read_only,,full_text_review
hardware/g1_arm_bridge/startup_state_binding_guard.py,386687ebca94ce2ce94a9a61d1cf4697ae79202a49c0ddacd0a4f83ff8d485aa,143,python_ast_pass,,full_text_review
hardware/g1_arm_bridge/test_arm_sdk_hold_contract.py,595ee67318364bcf77abde7e4920e38a39e1d10acac4950f3bcaa050e46fce9d,138,python_ast_pass,,full_text_review
hardware/g1_arm_bridge/test_arm_sdk_release_contract.py,38d715bdad764ae44809df27a4019a739e69dd48fbbf1ca4deab7ebb5dfc2951,192,python_ast_pass,,full_text_review
hardware/g1_arm_bridge/test_arm_sdk_teleop_contract.py,91ef91bbeb571477d8d7c8ca581ada25914abd42d719634313ab5b5616e3061c,438,python_ast_pass,,full_text_review
hardware/g1_arm_bridge/test_check_startup_readiness.py,37e1032193bc60c6b18804422c9fc2691d63548552e5424d717c7d7982769613,196,python_ast_pass,,full_text_review
hardware/g1_arm_bridge/test_check_startup_readiness_entry.py,6a1c5cdb14ebe555ab1e254e33f25175f203e641bb9095d74a6f2879758a8c9f,111,python_ast_pass,,full_text_review
hardware/g1_arm_bridge/test_collision_diagnostics.py,b2642345a2031ff930f066c6afe5dfb24905f5b7f6b7282ad8d197c7d0468f0b,60,python_ast_pass,,full_text_review
hardware/g1_arm_bridge/test_experimental_stateful_gate7_controller.py,cc444df0124f97aacdb363417abc0f5a7ca5e051cd200b4de9523f7832341102,43,python_ast_pass,,full_text_review
hardware/g1_arm_bridge/test_fake_mink_safety_e2e.py,fa397980398be985289f94991bb3c2125afa966330d563134bbd52b8376b71a7,82,python_ast_pass,,full_text_review
hardware/g1_arm_bridge/test_g1_base_state.py,11a58e53ca27ba329cf9bbb57f2cdb4fce21146d70cc3fdbbae2fa7a36a4e2ef,118,python_ast_pass,,full_text_review
hardware/g1_arm_bridge/test_g1_camera_replay_tcp.py,3ee3f9b6b459fd137216a9bfb885745f4871b4682f9f281501ffeb0ac40d6954,93,python_ast_pass,,full_text_review
hardware/g1_arm_bridge/test_g1_camera_tcp_bridge.py,e1047b89e99b991d830138c95d1bf8e12c34ad9d2f1e1149aa56eff8b45ca683,44,python_ast_pass,,full_text_review
hardware/g1_arm_bridge/test_g1_right_arm_jog.py,35f1d18285cad98968c19e2f2878ca14491b2cf031ff1d13cd674a2392f45fa1,359,python_ast_pass,,full_text_review
hardware/g1_arm_bridge/test_g1_right_arm_jog_direct_release.py,1b11145d8b852dfe3a47bce13ac7882a88fca23cfcffdfefa32321d30c9f27bf,50,python_ast_pass,,full_text_review
hardware/g1_arm_bridge/test_g1_right_arm_jog_entry.py,808ab9f76a811968561fda2fb643d989631f676ca0f6d29e822c25a47baf8ad5,107,python_ast_pass,,full_text_review
hardware/g1_arm_bridge/test_g1_unity_state_bridge.py,0c91cc2833b50bef662d4d1875cee7b535b3ce13a6d4a0eb25098363e2b0fa5f,175,python_ast_pass,,full_text_review
hardware/g1_arm_bridge/test_gate5_lowstate_safety_monitor.py,5ab06a9f3908b72195cc63a2115d39698c0514691627878f095267135214a290,218,python_ast_pass,,full_text_review
hardware/g1_arm_bridge/test_gate6_arm_sdk_hold.py,eb7980a6479bbbde6833773b1adebc82d5b68244f36f0903529b96343d3ff682,163,python_ast_pass,,full_text_review
hardware/g1_arm_bridge/test_gate6_fault_release.py,697a9ab1c6a98435de8b0fa7f71553313de553386b6e74d7cf8cd73690c345a0,154,python_ast_pass,,full_text_review
hardware/g1_arm_bridge/test_gate6_interrupt_release.py,fad40aefbdfa37a06e2fa3512d43bcef6c1365a49d127da3c1dadc457ad0e40c,130,python_ast_pass,,full_text_review
hardware/g1_arm_bridge/test_gate7_acquisition_guard.py,646fe47e3b731142a737f449e36d9aacfef110b33cc95338fc6289297ab709bc,95,python_ast_pass,,full_text_review
hardware/g1_arm_bridge/test_gate7_capture_quality.py,a9cff3814d24fdf7148db195ca9ccce83dfce70b39114a285e741ff7efa86353,155,python_ast_pass,,full_text_review
hardware/g1_arm_bridge/test_gate7_fault_injection_matrix.py,63b8b799b54fa9c0695fc9629028ea41a7a1402f34fa0856567511edb084421a,32,python_ast_pass,,full_text_review
hardware/g1_arm_bridge/test_gate7_first_live_profile.py,c563edb0cf19d4cc8dad62d0627db869f216b04e289fb2c62259f14d1cfda2b8,112,python_ast_pass,,full_text_review
hardware/g1_arm_bridge/test_gate7_hardware_virtual_e2e.py,f905f33e9bfafabefac7cf7f13b52be17edcd7f58c08f5e2a296b7e60b357c46,66,python_ast_pass,,full_text_review
hardware/g1_arm_bridge/test_gate7_live_arm_sdk.py,10032d407ebf26f74d8d302330ee3d86cef961f69dde2138a25275ce5c9c33f2,208,python_ast_pass,,full_text_review
hardware/g1_arm_bridge/test_gate7_live_dry_run.py,7a777136e907043234ff052f95ef119684583943b86b4438e90566229d622169,361,python_ast_pass,,full_text_review
hardware/g1_arm_bridge/test_gate7_live_dry_run_e2e.py,0eeb63044d28e443359e4d8845b1378e6555a94c45ec764bc122d2544cab9dde,136,python_ast_pass,,full_text_review
hardware/g1_arm_bridge/test_gate7_live_entrypoint.py,0fa603aec2a01a5b58d94022dace68d29e2191ce2dbdd121de853d94911ebbe1,108,python_ast_pass,,full_text_review
hardware/g1_arm_bridge/test_gate7_live_safety_guard.py,398bb4186f526424dfd004439158416f0534ce96df7c30db72250af8a5b08400,89,python_ast_pass,,full_text_review
hardware/g1_arm_bridge/test_gate7_mink_capture_replay.py,a67b307d75628411e2a5119a55d7e34bced1bab89aa17238fc223a08f1de3a9d,119,python_ast_pass,,full_text_review
hardware/g1_arm_bridge/test_gate7_mink_wsl_relay.py,a8b9772f4e80bb5c41f31192cda1af845a805e0733df5a7e890f23ddfb84a0c9,207,python_ast_pass,,full_text_review
hardware/g1_arm_bridge/test_gate7_release_finalization.py,2af3045bbab1813ffc8579c390b4d2cfc9faabff4c34099aacd60fb19155a249,175,python_ast_pass,,full_text_review
hardware/g1_arm_bridge/test_gate7_replay_provenance.py,a339d0a3a94103332e4bebeb13d967ac15a6ec28bb42117b803e0f333877b749,72,python_ast_pass,,full_text_review
hardware/g1_arm_bridge/test_gate7_visible_motion_profile.py,a21bafb9a9fd8d44265f3d4a2240e012655d6413ce5edd45064ced715e65aad2,38,python_ast_pass,,full_text_review
hardware/g1_arm_bridge/test_hardware_state.py,ef04766efed9cb0f7e2d765aa1e087a1e68864b8b6c6bcf6fccb9fe75f199d91,71,python_ast_pass,,full_text_review
hardware/g1_arm_bridge/test_live_lowstate_mujoco.py,472543c7ee7dfded829fd657b7efb1c99f0fad5ae06845d56ba4c35bac98563f,252,python_ast_pass,,full_text_review
hardware/g1_arm_bridge/test_lowstate_health_guard.py,c6485263b8dc2de9763580a3754402626bb1a8c1de106a00aeb41f10e90cf94d,85,python_ast_pass,,full_text_review
hardware/g1_arm_bridge/test_lowstate_provenance_launchers.py,1ac62a0be824c50c828d36bd2359db6b96fdc317a7685e34a6c9c8e73b2935df,72,python_ast_pass,,full_text_review
hardware/g1_arm_bridge/test_mink_safety_pipeline.py,8b18042096ca20b7e54c5f6301752424e12f12fdea9948bfea943d242c7978bb,129,python_ast_pass,,full_text_review
hardware/g1_arm_bridge/test_physical_precheck_provenance_entries.py,95cee35eee8be6b802117233b1c8cd5643a9a0514f266d1eab1549eeb12c2280,27,python_ast_pass,,full_text_review
hardware/g1_arm_bridge/test_precheck_provenance_guard.py,4359340176d69336593864e8b501cbe2fabc9f88f1c3349e1a66dd1152dce6b6,87,python_ast_pass,,full_text_review
hardware/g1_arm_bridge/test_replay_saved_lowstate_mujoco.py,8eed5e51ef73cd0d135414d463e19694d6e42836a02af31731c5b76577f66be5,93,python_ast_pass,,full_text_review
hardware/g1_arm_bridge/test_right_arm_jog_contract.py,49e66419d52f9aae8fd1b057ab833681d4952b202bf6cc74e9e918406091687c,191,python_ast_pass,,full_text_review
hardware/g1_arm_bridge/test_right_arm_jog_safety_guard.py,3d057af5e9621b1c4bc078a0f5a353fef60fc3b5ea9175e581313b76e12db305,67,python_ast_pass,,full_text_review
hardware/g1_arm_bridge/test_ruckig_joint_motion_limiter.py,9c8b5a2b35e61f34945eff680676c7e9754997b42f309ba94d0e7baca74b5a3a,75,python_ast_pass,,full_text_review
hardware/g1_arm_bridge/test_runtime_base_state_guard.py,9cd231d92dafb7d5183a2b505c99da8db79bb715881f344b14a5ebea067087e7,212,python_ast_pass,,full_text_review
hardware/g1_arm_bridge/test_safety_gate.py,021ebefe3f9fef64129162e089b57d46232f58c83d7d65cadaa7e5476f467eaa,124,python_ast_pass,,full_text_review
hardware/g1_arm_bridge/test_validate_right_arm_jog_collision_path.py,fdf09a9611a97256c248d50c8a5d18286fe2907216207cbaa6da0601dd7b6e78,73,python_ast_pass,,full_text_review
hardware/g1_arm_bridge/validate_right_arm_jog_collision_path.py,deb2e297af6455d26b3f1ac646541bd8a9beaecd2c1aab15da06f2bcfa16d7da,262,python_ast_pass,,full_text_review
hardware/g1_arm_bridge/validate_right_arm_jog_collision_path_entry.py,a0b6625d2eb77708c97ef31cda8b5df576d176d4e13abd5bb343c3b4fb0cecb9,43,python_ast_pass,,full_text_review
hardware/g1_arm_bridge/verify_arm_sdk_message_offline.py,172f652bdf8b534fed739a299f012778233d4bbaf42e7d4c09d0d64fd1a7cdff,64,python_ast_pass,,full_text_review
hardware/g1_arm_bridge/verify_initial_pose_sync.py,f59a74c6c84d6bad6b47ff1da040c2c0993a64a9fb5a31574660b29a4a70ce3d,130,python_ast_pass,,full_text_review
tools/ALLOW_G1_DDS_WSL.bat,bc3b8d2daaee2b02ba30fb399bcbf9af5793585a9c2f8eccbb9ce214cc2c571e,12,text_read_only,,full_text_review
tools/ALLOW_G1_DDS_WSL_ADMIN.ps1,02a905d488173058f47cb1fd498cf559a756fe77df3394eeec9f25c1323374d4,137,text_read_only,,full_text_review
tools/ALLOW_G1_LOWSTATE_TO_WINDOWS.bat,c837ff7d3891751c6991d2f4a9b0ea868e1e21fe6bed51f14e2703968146634f,14,text_read_only,,full_text_review
tools/ALLOW_G1_LOWSTATE_TO_WINDOWS_ADMIN.ps1,1fdde38692c4bbaab3506533e8f1ed4ff20eb7764bc1011ea731b0be71f21802,112,text_read_only,,full_text_review
tools/ANALYZE_G1_GATE7_LATEST_CAPTURE.bat,bd53ccf085f5de5edd409709dd6c726fccd95bf13060675b2998ed542cebdf39,32,text_read_only,,full_text_review
tools/BUILD_AND_INSTALL_VR_APK.bat,96a7e70577b49cd8b4683caa806f75afc5b8e1c8b01951c1f1977d073ed8b47a,105,text_read_only,,full_text_review
tools/CHECK_G1_TELEOP_STARTUP.bat,bbaa4c38b10eae6540d668848a97ddd5af5e554c1cf0403745de3268903a71e2,66,text_read_only,,full_text_review
tools/CONFIGURE_G1_ETHERNET.bat,308b1b54bec6433f7dc6bcd31afe53feedaa254415fad1f489c4847811363712,11,text_read_only,,full_text_review
tools/CONFIGURE_G1_ETHERNET_ADMIN.ps1,51b044fcd99b817ec5914ffdb600e808b99f8a9b20787c0453eb429ebaf76629,25,text_read_only,,full_text_review
tools/DETECT_G1_NETWORK.bat,be9f63666f9ccdc2a7853d3b0e22b89a1a803b3b4a40a124db9f420ca03eb0ef,11,text_read_only,,full_text_review
tools/DETECT_G1_NETWORK_ADMIN.ps1,f62902448f5b8635929cdbf6cb90f9336fcea082aa2d75113d0dfdc52619ab93,48,text_read_only,,full_text_review
tools/EDIT_G1_STARTUP_READY_POSE.bat,64872de039430ce9a3e714f1815ba9d0f40172d36ad7d174be5b037bc33ef22a,33,text_read_only,,full_text_review
tools/G1_ETHERNET_DNS.ps1,43a32b2e352405705a2f47b6b6c69c2034a002c63af2353fc621399349d3e6a0,60,text_read_only,,full_text_review
tools/G1_ETHERNET_TRANSACTION.ps1,acf79f4cc8e0b484bf49a64fc9ed0b6411c42a6b8312a16a5bb8770d8c16c107,126,text_read_only,,full_text_review
tools/PREPARE_G1_GATE6_HOLD.bat,3153383c91bf071b50fea9b345020411e6e0e1cd7b74d0e10b271e07ab0606be,39,text_read_only,,full_text_review
tools/RESTORE_G1_ETHERNET_DHCP.bat,698638321bb5ce14a70c51b83b005531fd02ddf40405db8992442b34c0521da1,11,text_read_only,,full_text_review
tools/RESTORE_G1_ETHERNET_DHCP_ADMIN.ps1,682a37b9d06a62fbfde0744ef5e4209bce5b6aa02bf9b473d21bb3e398fb195b,23,text_read_only,,full_text_review
tools/SET_UNITY_DISPLAY_MODE.ps1,d9f1eb1f0fca263aad766175cda6f4a9ece86c5289b9f4f17b185fdc65867ecc,25,text_read_only,,full_text_review
tools/START_G1_CAMERA_TO_UNITY.bat,980967bbd243dd3435a1a0c42cd998a6b9b160dfd1ed0ff8a4d658c75fb957e6,26,text_read_only,,full_text_review
tools/START_G1_GATE5_READ_ONLY.bat,5315ab2202d3a610d6184322cf35301e184687995991a4a004284936f3669d05,37,text_read_only,,full_text_review
tools/START_G1_GATE6_INTERRUPT_RELEASE_TEST.bat,8ec7aff5f329f467afd48f762ad668b016237deb1039a0537f709ff05fe4cd4a,112,text_read_only,,full_text_review
tools/START_G1_GATE7_FIRST_LIVE_TRIAL.bat,d3c82d1693ca44149368c03dd51f1e6333a0a053f57d7eec11678af11f765435,25,text_read_only,,full_text_review
tools/START_G1_GATE7_LIVE_DRY_RUN.bat,cd05305f462e11f08e7f550321e81b46c685d13aa81e1219252cec82fcb162d0,57,text_read_only,,full_text_review
tools/START_G1_GATE7_LIVE_HARDWARE.bat,8f98e4f512014f2cc084eab5e575c522c4cad06d0caa0af701b49b1c63613111,224,text_read_only,,full_text_review
tools/START_G1_GATE7_LOWSTATE_DRY_RUN.bat,264801696a1814b993989f80240541e18180e72e0492d32f3d67fb6743dd797b,92,text_read_only,,full_text_review
tools/START_G1_GATE7_STANDARD_MINK.bat,e0ceb7b2a4a841a184aba48e4132a6eb4c2b80aad18d3454b474b7201558df51,6,text_read_only,,full_text_review
tools/START_G1_GATE7_VISIBLE_MOTION_TRIAL.bat,20b8d69ecc4cce62dd461ad4dd7ce302d90d83d585dffd852b97ba403648e1b1,25,text_read_only,,full_text_review
tools/START_G1_GATE7_VR_RECORDING.bat,fc20a76e7cc9089de744875d311b1a670fa088645c82099d505f5db98aaf7b80,59,text_read_only,,full_text_review
tools/START_G1_READ_ONLY.bat,a7662ec59842a9ae8b6640204c92d0a50cbe06cdfbd007021e06de219f395812,15,text_read_only,,full_text_review
tools/START_G1_RIGHT_ARM_JOG_MUJOCO.bat,cb2107ef0a126f4bed8bee39ca7bc8a2e54d6e4db06b636dd7a627fb7eaea85f,128,text_read_only,,full_text_review
tools/START_G1_SHOULDER_PITCH_FULL_AUTHORITY_TRIAL.bat,e059a027d941f9c06cc299341ac99e5967637424026390b568602b701dff1b33,128,text_read_only,,full_text_review
tools/START_MINK_G1_HARDWARE_SYNC.bat,fa24c6c45e3621d3d8e6a812fef9729c91c4c30a930f150e78380624db3f53fb,66,text_read_only,,full_text_review
tools/TEST_CAMERA_REPLAY_TO_UNITY.bat,9f30acf8eb02cc4d900d498d39f0becd74ded27d4ac2f8d3a8c3271b7f59f9a8,101,text_read_only,,full_text_review
tools/TEST_FAKE_MINK_SAFETY_E2E.bat,e47a6a5f6ae8941b2c3afda604aebb13cd62f085e9cabd534714262d0d7c55df,35,text_read_only,,full_text_review
tools/TEST_G1_GATE5_READ_ONLY.bat,9aee1e5307a0a571e1d7d55663a024e4de74b1194cd31d1e91af17e6930d8711,32,text_read_only,,full_text_review
tools/TEST_G1_GATE6_HOLD_OFFLINE.bat,d39eb819146823c6e73c7197a253938db6d925b27459b4875b53d5613d4dda53,46,text_read_only,,full_text_review
tools/TEST_G1_GATE6_INTERRUPT_RELEASE_OFFLINE.bat,5ae70d51e35e0720011d0c18373bf212daf335e1b1026b1f649990dad15b18d7,31,text_read_only,,full_text_review
tools/TEST_G1_GATE7_CAPTURE_REPLAY_OFFLINE.bat,60542b0f6af5b93137b90a7c9c2612cc2cb33c019135ea000a35b5239a76e5ac,32,text_read_only,,full_text_review
tools/TEST_G1_GATE7_FAULT_MATRIX_OFFLINE.bat,2efd23cb12cce8b305d82641d5c6050120a59f3361c62f6fbf8aa56fa41bf068,35,text_read_only,,full_text_review
tools/TEST_G1_GATE7_FIRST_LIVE_OFFLINE.bat,6701c0a011d7adf98dd23e71e1f6a4da0d0401f0826ce3cf8396003dbf6e0dca,42,text_read_only,,full_text_review
tools/TEST_G1_GATE7_HARDWARE_FOUNDATION_OFFLINE.bat,773adf88417328b6d8b9f0b29fe6cbda1c8653a737714d854f510d865a56f484,43,text_read_only,,full_text_review
tools/TEST_G1_GATE7_LATEST_CAPTURE_FAULT_MATRIX.bat,a1e0938bea2de092711e2eb755a930b58bed24c229591211490ea94e7a60ea72,30,text_read_only,,full_text_review
tools/TEST_G1_GATE7_LATEST_CAPTURE_REGRESSION.bat,373610450412d6fedfed35775876aa0c7b1f5c8c840f22c9a4efb3dade5adffe,34,text_read_only,,full_text_review
tools/TEST_G1_GATE7_LIVE_DRY_RUN.bat,164a458217ae703d5651b28e7cf40f5166931005a1d39172edcb2142a39fd1ac,39,text_read_only,,full_text_review
tools/TEST_G1_GATE7_MINK_ARM_SDK_OFFLINE.bat,ebfc6821ad0e7fc375bccee044b58ed5883bdf1b2ef256d6e33f41aad64ee2b2,46,text_read_only,,full_text_review
tools/TEST_G1_GATE7_RUCKIG_HARDWARE_PROFILE_OFFLINE.bat,04d7284db9914da8f0e76edd48b17e446be06c6db5f02c15aa34734c57fa577f,45,text_read_only,,full_text_review
tools/TEST_G1_GATE7_VIRTUAL_HARDWARE_E2E.bat,b53545df3a37f4807b7a0ad0a94ec372110863a74aff2073701b2ad5eafbd0b1,51,text_read_only,,full_text_review
tools/TEST_G1_HARDWARE_SAFETY_GATE.bat,4c2c7eb49988accdadbdf03699d2ef97d30109da217e352089107f7b8e0e4492,34,text_read_only,,full_text_review
tools/TEST_G1_HARDWARE_STATE.bat,774508dc5f65303311fecd0db074f5481da742cb57b16144eeb15787bf0086fb,33,text_read_only,,full_text_review
tools/TEST_G1_MINK_FK_PARITY.bat,ed21e490ab913c163bf967d6957b6d969bf5c62844a7437197baa197a7524a1b,70,text_read_only,,full_text_review
tools/TEST_G1_RIGHT_ARM_JOG_OFFLINE.bat,82d5a9f2f8795dba451844f3bdcdbce4370cdbb1fb5dd50d6e4466503f2a1a17,43,text_read_only,,full_text_review
tools/TEST_G1_SHOULDER_PITCH_FULL_AUTHORITY_OFFLINE.bat,b99057a32b5c81ac344696b06b4482d7881dce3b9e0da7b36377091b68b63e0b,40,text_read_only,,full_text_review
tools/TEST_G1_STARTUP_RECOVERY_OFFLINE.bat,c94d9691fe18b1ae35d2723a7164941182c89e027fbd98696d3e94ab9d2df1a1,31,text_read_only,,full_text_review
tools/TEST_MINK_COLLISION_TANGENT_OFFLINE.bat,21597a36c35db89f1d57198c5eee423382fb7975eee3218cba3397f21b6f3ecc,27,text_read_only,,full_text_review
tools/TEST_MINK_SAFETY_PIPELINE.bat,3592659bb64f6dc3e6dcb55062175cb632190714e87f38c6902b0667e2f20d4d,35,text_read_only,,full_text_review
tools/TEST_MINK_WRIST_FRAME.bat,414187888f10803acdf96c487e81f5c412dc8b46660e5de4b51b250f2915b0b7,34,text_read_only,,full_text_review
tools/VERIFY_HEAD_CAMERA_FOUNDATION.bat,eae096375075707a3f86dc86c249cacb3b5d23cb14e9bf10f21c6841c12b9c2c,27,text_read_only,,full_text_review
tools/VIEW_G1_GATE7_LATEST_CAPTURE_MUJOCO.bat,863b6b3bab9c0fe261ebe0672536d23eefc964c6f509fbe7b19759719182610b,29,text_read_only,,full_text_review
tools/VIEW_G1_GATE7_LIMITED_CAPTURE_MUJOCO.bat,6a5931f239230886fda17287e6b866da0753ea5cebb413e13236049b54dca38c,35,text_read_only,,full_text_review
tools/VIEW_G1_LIVE_MUJOCO.bat,fc967d5600cf5a7de08e6bd9507598903b3700b4118430a1199fba9cf73f654e,45,text_read_only,,full_text_review
tools/VIEW_G1_SAVED_LOWSTATE_MUJOCO.bat,2169a22c9d3f5e0fd284b1f5b7d8166cd5684ab803528a153d54b4bd2807df92,35,text_read_only,,full_text_review
tools/VIEW_G1_STARTUP_RECOVERY.bat,401c61f102bae2a5dfb7cf66112ec04cee413a4e59aebb14864534d3d4770921,28,text_read_only,,full_text_review
